rota_principal,sentido,data,dia_da_semana,antecedencia,pax,tkm_comp,capacidade_atual,occ_atual,load_factor_atual,assentos_disponiveis,predict_time_series,predict_eixo_sentido,predict_consenso,pct_atingimento_forecast,pax_faltam_forecast,pax_d5,pax_d4,pax_d3,pax_d2,pax_d1,pax_hoje_parcial,media_d2_d5,aceleracao_abs,aceleracao_pct,tendencia_linear,sinal
BHZ-RIO,RIO-BHZ,2026-04-21,3,13,524,222.55,818,0.64,0.64,294,337,814,576,91.0,52,10,9,25,56,92,2,25.0,67.0,268.0,14.1,🔴 LOTANDO - REVISAR PREÇO
BHZ-CAB,BHZ-CAB,2026-04-17,6,9,441,226.51,656,0.67,0.65,215,335,619,477,92.5,36,22,11,19,32,37,0,21.0,16.0,76.2,3.4,🔴 LOTANDO - REVISAR PREÇO
BHZ-CAB,CAB-BHZ,2026-04-20,2,12,281,176.67,476,0.59,0.57,195,211,365,288,97.6,7,22,6,5,20,24,0,13.3,10.8,81.1,1.2,🔴 LOTANDO - REVISAR PREÇO
BHZ-RIO,BHZ-RIO,2026-04-17,6,9,780,200.91,1085,0.72,0.71,305,537,1041,789,98.9,9,19,19,22,126,123,2,46.5,76.5,164.5,21.0,🔴 LOTANDO - REVISAR PREÇO
BHZ-BSB,BHZ-BSB,2026-04-16,5,8,39,147.08,91,0.43,0.43,52,30,44,37,105.4,0,2,0,6,8,10,0,4.0,6.0,150.0,1.6,🔴 LOTANDO - REVISAR PREÇO
ANG-BHZ,BHZ-ANG,2026-04-17,6,9,75,288.9,95,0.79,0.75,20,62,78,70,107.1,0,0,0,15,3,9,0,4.5,4.5,100.0,1.4,🔴 LOTANDO - REVISAR PREÇO
CAB-JDF,CAB-JDF,2026-04-21,3,13,143,82.33,184,0.78,0.74,41,62,158,110,130.0,0,4,5,28,13,62,0,12.5,49.5,396.0,8.3,🔴 LOTANDO - REVISAR PREÇO
BHZ-IPA,BHZ-IPA,2026-04-19,1,11,42,63.95,493,0.09,0.07,451,368,364,366,11.5,324,2,3,2,6,10,0,3.3,6.8,207.7,1.3,🟢 ACELERANDO - OPORTUNIDADE
BHZ-SAO,BHZ-SAO,2026-04-18,7,10,24,127.48,83,0.29,0.28,59,231,185,208,11.5,184,0,15,6,9,12,0,7.5,4.5,60.0,1.2,🟢 ACELERANDO - OPORTUNIDADE
SAO-SJP,SJP-SAO,2026-04-19,1,11,50,88.38,404,0.12,0.11,354,392,383,388,12.9,338,2,0,4,10,17,0,4.0,13.0,325.0,2.7,🟢 ACELERANDO - OPORTUNIDADE
RAO-SAO,RAO-SAO,2026-04-22,4,14,56,71.2,328,0.17,0.15,272,433,423,428,13.1,372,5,2,5,9,13,0,5.3,7.8,147.6,1.5,🟢 ACELERANDO - OPORTUNIDADE
SAO-SJP,SAO-SJP,2026-04-19,1,11,57,85.3,410,0.14,0.12,353,410,420,415,13.7,358,1,1,0,10,6,0,3.0,3.0,100.0,1.3,🟢 ACELERANDO - OPORTUNIDADE
RAO-SAO,RAO-SAO,2026-04-19,1,11,91,55.08,647,0.14,0.11,556,670,652,661,13.8,570,9,13,3,9,13,0,8.5,4.5,52.9,0.3,🟢 ACELERANDO - OPORTUNIDADE
BHZ-RIO,BHZ-RIO,2026-04-22,4,14,55,143.54,214,0.26,0.25,159,413,297,355,15.5,300,6,0,1,5,13,0,3.0,10.0,333.3,1.3,🟢 ACELERANDO - OPORTUNIDADE
BHZ-UDI,UDI-BHZ,2026-04-18,7,10,13,141.98,60,0.22,0.18,47,75,93,84,15.5,71,0,0,3,12,12,0,3.8,8.3,220.0,2.4,🟢 ACELERANDO - OPORTUNIDADE
RAO-SAO,RAO-SAO,2026-04-20,2,12,68,63.33,518,0.13,0.11,450,401,457,429,15.9,361,8,1,3,7,21,0,4.8,16.3,342.1,2.1,🟢 ACELERANDO - OPORTUNIDADE
CMP-SAO,CMP-SAO,2026-04-16,5,8,42,19.47,368,0.11,0.1,326,290,236,263,16.0,221,4,2,3,5,8,0,3.5,4.5,128.6,0.7,🟢 ACELERANDO - OPORTUNIDADE
SAO-SJP,SJP-SAO,2026-04-18,7,10,42,98.09,234,0.18,0.14,192,276,235,256,16.4,214,5,1,0,10,16,0,4.0,12.0,300.0,2.1,🟢 ACELERANDO - OPORTUNIDADE
BHZ-SAO,SAO-BHZ,2026-04-18,7,10,38,127.93,131,0.29,0.29,93,231,220,226,16.8,188,0,11,5,13,12,0,7.3,4.8,65.5,1.7,🟢 ACELERANDO - OPORTUNIDADE
RAO-SAO,SAO-RAO,2026-04-19,1,11,116,66.31,647,0.18,0.15,531,699,673,686,16.9,570,6,10,15,22,21,0,13.3,7.8,58.5,2.8,🟢 ACELERANDO - OPORTUNIDADE
BHZ-UDI,UDI-BHZ,2026-04-20,2,12,16,129.53,102,0.16,0.14,86,96,87,92,17.4,76,6,0,3,3,9,0,3.0,6.0,200.0,0.6,🟢 ACELERANDO - OPORTUNIDADE
BHZ-MCL,MCL-BHZ,2026-04-19,1,11,27,107.64,256,0.11,0.1,229,139,164,152,17.8,125,0,6,0,6,9,0,3.0,6.0,200.0,1.2,🟢 ACELERANDO - OPORTUNIDADE
CMP-SAO,CMP-SAO,2026-04-17,6,9,79,24.48,506,0.16,0.12,427,426,453,440,18.0,361,4,2,7,9,17,0,5.5,11.5,209.1,2.2,🟢 ACELERANDO - OPORTUNIDADE
CPC-FLN,CPC-FLN,2026-04-22,4,14,32,121.09,205,0.16,0.12,173,196,159,178,18.0,146,0,0,9,8,12,0,4.3,7.8,182.4,2.1,🟢 ACELERANDO - OPORTUNIDADE
BHZ-UDI,UDI-BHZ,2026-04-17,6,9,36,214.71,162,0.22,0.21,126,195,187,191,18.8,155,3,3,3,3,33,0,3.0,30.0,1000.0,4.0,🟢 ACELERANDO - OPORTUNIDADE
BHZ-IPA,BHZ-IPA,2026-04-21,3,13,38,73.93,314,0.12,0.09,276,152,248,200,19.0,162,3,3,4,6,8,0,4.0,4.0,100.0,0.9,🟢 ACELERANDO - OPORTUNIDADE
BHZ-SAO,BHZ-SAO,2026-04-22,4,14,54,126.6,305,0.18,0.17,251,315,222,269,20.1,215,4,3,2,17,13,0,6.5,6.5,100.0,2.1,🟢 ACELERANDO - OPORTUNIDADE
SAO-SJP,SJP-SAO,2026-04-22,4,14,48,92.86,190,0.25,0.22,142,235,233,234,20.5,186,10,0,3,3,12,0,4.0,8.0,200.0,0.5,🟢 ACELERANDO - OPORTUNIDADE
BHZ-RIO,RIO-BHZ,2026-04-18,7,10,48,120.92,249,0.19,0.19,201,257,201,229,21.0,181,9,12,3,6,23,0,7.5,15.5,206.7,1.5,🟢 ACELERANDO - OPORTUNIDADE
BHZ-IPA,IPA-BHZ,2026-04-16,5,8,31,72.51,270,0.11,0.1,239,166,115,141,22.0,110,0,5,1,9,7,0,3.8,3.3,86.7,1.2,🟢 ACELERANDO - OPORTUNIDADE
BHZ-RIO,BHZ-RIO,2026-04-19,1,11,67,125.23,420,0.16,0.15,353,283,323,303,22.1,236,7,3,0,12,16,0,5.5,10.5,190.9,1.8,🟢 ACELERANDO - OPORTUNIDADE
RAO-SAO,SAO-RAO,2026-04-18,7,10,131,64.53,513,0.26,0.21,382,632,543,588,22.3,457,3,10,16,20,29,0,12.3,16.8,136.7,4.1,🟢 ACELERANDO - OPORTUNIDADE
RAO-SAO,SAO-RAO,2026-04-20,2,12,102,66.21,507,0.2,0.16,405,412,499,456,22.4,354,9,5,10,18,36,0,10.5,25.5,242.9,4.5,🟢 ACELERANDO - OPORTUNIDADE
BHZ-RIO,BHZ-RIO,2026-04-21,3,13,77,138.73,297,0.26,0.25,220,347,326,337,22.8,260,3,0,2,16,22,0,5.3,16.8,319.0,3.6,🟢 ACELERANDO - OPORTUNIDADE
BHZ-IPA,IPA-BHZ,2026-04-17,6,9,87,82.59,447,0.19,0.17,360,377,338,358,24.3,271,6,4,7,9,12,0,6.5,5.5,84.6,1.1,🟢 ACELERANDO - OPORTUNIDADE
RIO-SAO,SAO-RIO,2026-04-22,4,14,116,87.07,682,0.17,0.16,566,498,440,469,24.7,353,8,9,12,33,28,0,15.5,12.5,80.6,4.3,🟢 ACELERANDO - OPORTUNIDADE
RIO-SAO,SAO-RIO,2026-04-20,2,12,100,93.51,612,0.16,0.16,512,357,424,391,25.6,291,10,6,8,25,45,0,12.3,32.8,267.3,5.9,🟢 ACELERANDO - OPORTUNIDADE
CPC-FLN,CPC-FLN,2026-04-18,7,10,35,146.04,123,0.28,0.23,88,149,123,136,25.7,101,12,6,0,2,16,0,5.0,11.0,220.0,0.3,🟢 ACELERANDO - OPORTUNIDADE
BHZ-UDI,BHZ-UDI,2026-04-16,5,8,34,183.58,102,0.33,0.31,68,132,128,130,26.2,96,0,0,3,9,15,0,3.0,12.0,400.0,2.6,🟢 ACELERANDO - OPORTUNIDADE
ARB-SAO,SAO-ARB,2026-04-22,4,14,24,106.98,159,0.15,0.13,135,83,99,91,26.4,67,9,5,0,2,7,0,4.0,3.0,75.0,-0.5,🟢 ACELERANDO - OPORTUNIDADE
RIO-SAO,SAO-RIO,2026-04-21,3,13,111,121.13,698,0.16,0.15,587,414,427,421,26.4,310,6,9,5,50,31,0,17.5,13.5,77.1,6.1,🟢 ACELERANDO - OPORTUNIDADE
BHZ-SAO,SAO-BHZ,2026-04-22,4,14,71,127.17,313,0.23,0.22,242,291,238,265,26.8,194,0,4,5,17,46,0,6.5,39.5,607.7,7.0,🟢 ACELERANDO - OPORTUNIDADE
RIO-SAO,RIO-SAO,2026-04-19,1,11,183,110.94,877,0.21,0.2,694,682,671,677,27.0,494,17,20,35,21,43,0,23.3,19.8,84.9,3.5,🟢 ACELERANDO - OPORTUNIDADE
RIO-SAO,RIO-SAO,2026-04-18,7,10,100,96.34,413,0.24,0.23,313,415,319,367,27.2,267,8,19,10,17,21,0,13.5,7.5,55.6,1.6,🟢 ACELERANDO - OPORTUNIDADE
RAO-SAO,RAO-SAO,2026-04-18,7,10,155,66.35,511,0.3,0.23,356,634,482,558,27.8,403,14,8,4,29,30,0,13.8,16.3,118.2,3.5,🟢 ACELERANDO - OPORTUNIDADE
BHZ-MCL,MCL-BHZ,2026-04-21,3,13,34,116.87,128,0.27,0.26,94,106,138,122,27.9,88,3,3,3,9,12,0,4.5,7.5,166.7,1.6,🟢 ACELERANDO - OPORTUNIDADE
BHZ-RIO,RIO-BHZ,2026-04-22,4,14,95,128.72,297,0.32,0.3,202,322,356,339,28.0,244,0,1,3,10,16,0,3.5,12.5,357.1,2.7,🟢 ACELERANDO - OPORTUNIDADE
BHZ-UDI,BHZ-UDI,2026-04-21,3,13,44,165.1,162,0.27,0.26,118,128,171,150,29.3,106,3,9,3,21,24,0,9.0,15.0,166.7,3.6,🟢 ACELERANDO - OPORTUNIDADE
BHZ-RIO,RIO-BHZ,2026-04-19,1,11,119,145.1,391,0.3,0.29,272,428,380,404,29.5,285,9,1,6,15,28,0,7.8,20.3,261.3,3.5,🟢 ACELERANDO - OPORTUNIDADE
BHZ-VIX,BHZ-VIX,2026-04-22,4,14,75,116.82,277,0.27,0.25,202,283,216,250,30.0,175,8,2,2,5,10,0,4.3,5.8,135.3,0.5,🟢 ACELERANDO - OPORTUNIDADE
RIO-SAO,SAO-RIO,2026-04-19,1,11,184,96.27,786,0.23,0.22,602,584,639,612,30.1,428,19,25,37,42,75,0,30.8,44.3,143.9,8.6,🟢 ACELERANDO - OPORTUNIDADE
BHZ-VIX,BHZ-VIX,2026-04-19,1,11,72,135.23,211,0.34,0.32,139,252,224,238,30.3,166,8,0,7,3,14,0,4.5,9.5,211.1,1.0,🟢 ACELERANDO - OPORTUNIDADE
RAO-SAO,RAO-SAO,2026-04-21,3,13,147,71.51,554,0.27,0.22,407,420,545,483,30.4,336,4,5,15,22,30,1,11.5,18.5,160.9,4.6,🟢 ACELERANDO - OPORTUNIDADE
BHZ-IPA,BHZ-IPA,2026-04-18,7,10,64,67.65,270,0.24,0.19,206,193,220,207,30.9,143,8,2,9,4,15,0,5.8,9.3,160.9,1.1,🟢 ACELERANDO - OPORTUNIDADE
JDF-SAO,JDF-SAO,2026-04-19,1,11,18,130.62,120,0.15,0.12,102,64,52,58,31.0,40,0,3,9,6,15,0,4.5,10.5,233.3,2.2,🟢 ACELERANDO - OPORTUNIDADE
RAO-SAO,SAO-RAO,2026-04-16,5,8,117,66.79,464,0.25,0.22,347,376,378,377,31.0,260,16,3,4,23,36,0,11.5,24.5,213.0,4.0,🟢 ACELERANDO - OPORTUNIDADE
RIO-VIX,VIX-RIO,2026-04-19,1,11,49,111.27,180,0.27,0.24,131,141,168,155,31.6,106,12,11,3,5,11,0,7.8,3.3,41.9,-0.5,🟢 ACELERANDO - OPORTUNIDADE
BHZ-IPA,BHZ-IPA,2026-04-17,6,9,113,95.93,447,0.25,0.21,334,362,349,356,31.7,243,4,5,11,19,18,0,9.8,8.3,84.6,2.8,🟢 ACELERANDO - OPORTUNIDADE
RAO-SAO,SAO-RAO,2026-04-17,6,9,230,79.07,614,0.37,0.31,384,770,672,721,31.9,491,13,3,17,35,57,2,17.0,40.0,235.3,8.0,🟢 ACELERANDO - OPORTUNIDADE
SAO-SJP,SJP-SAO,2026-04-20,2,12,83,103.35,326,0.25,0.23,243,249,269,259,32.0,176,6,4,1,9,12,0,5.0,7.0,140.0,1.1,🟢 ACELERANDO - OPORTUNIDADE
BHZ-MCL,MCL-BHZ,2026-04-20,2,12,31,83.03,256,0.12,0.11,225,79,113,96,32.3,65,9,3,0,12,18,0,6.0,12.0,200.0,1.8,🟢 ACELERANDO - OPORTUNIDADE
RIO-VIX,RIO-VIX,2026-04-18,7,10,36,110.84,93,0.39,0.37,57,92,128,110,32.7,74,0,0,0,20,12,0,5.0,7.0,140.0,2.9,🟢 ACELERANDO - OPORTUNIDADE
RIO-SAO,RIO-SAO,2026-04-16,5,8,154,120.26,623,0.25,0.24,469,464,459,462,33.3,308,7,29,50,50,55,0,34.0,21.0,61.8,7.8,🟢 ACELERANDO - OPORTUNIDADE
RIO-UDI,RIO-UDI,2026-04-19,1,11,19,182.64,56,0.34,0.28,37,60,50,55,34.5,36,3,0,6,3,6,0,3.0,3.0,100.0,0.6,🟢 ACELERANDO - OPORTUNIDADE
RIO-VIX,VIX-RIO,2026-04-21,3,13,57,145.79,136,0.42,0.4,79,124,205,165,34.5,108,10,5,0,20,21,0,8.8,12.3,140.0,2.5,🟢 ACELERANDO - OPORTUNIDADE
CAB-RIO,RIO-CAB,2026-04-20,2,12,43,40.09,183,0.23,0.22,140,108,134,121,35.5,78,1,2,2,8,7,0,3.3,3.8,115.4,1.2,🟢 ACELERANDO - OPORTUNIDADE
GVS-SAO,GVS-SAO,2026-04-17,6,9,27,177.94,56,0.48,0.35,29,80,71,76,35.5,49,3,0,0,33,12,0,9.0,3.0,33.3,3.4,🟢 ACELERANDO - OPORTUNIDADE
RAO-SAO,RAO-SAO,2026-04-17,6,9,270,69.38,647,0.42,0.34,377,850,653,752,35.9,482,18,15,23,21,51,3,19.3,31.8,164.9,4.8,🟢 ACELERANDO - OPORTUNIDADE
JDF-SAO,JDF-SAO,2026-04-21,3,13,26,148.98,120,0.22,0.2,94,73,70,72,36.1,46,6,0,3,9,12,0,4.5,7.5,166.7,1.4,🟢 ACELERANDO - OPORTUNIDADE
CPC-FLN,FLN-CPC,2026-04-20,2,12,70,139.96,247,0.28,0.25,177,160,219,190,36.8,120,8,3,6,2,11,0,4.8,6.3,131.6,0.3,🟢 ACELERANDO - OPORTUNIDADE
SAO-SJP,SAO-SJP,2026-04-16,5,8,82,99.94,227,0.36,0.32,145,227,217,222,36.9,140,6,0,11,10,16,0,6.8,9.3,137.0,2.0,🟢 ACELERANDO - OPORTUNIDADE
MCL-SAO,SAO-MCL,2026-04-18,7,10,26,149.48,64,0.41,0.32,38,89,50,70,37.1,44,0,3,9,3,9,0,3.8,5.3,140.0,1.2,🟢 ACELERANDO - OPORTUNIDADE
BHZ-SAO,BHZ-SAO,2026-04-20,2,12,98,130.61,365,0.27,0.25,267,200,325,263,37.3,165,5,0,8,12,21,4,6.3,14.8,236.0,2.9,🟢 ACELERANDO - OPORTUNIDADE
RIO-SAO,RIO-SAO,2026-04-17,6,9,252,122.21,718,0.35,0.34,466,705,612,659,38.2,407,39,27,48,41,105,0,38.8,66.3,171.0,9.7,🟢 ACELERANDO - OPORTUNIDADE
BHZ-UDI,BHZ-UDI,2026-04-17,6,9,73,187.71,101,0.72,0.68,28,205,174,190,38.4,117,7,0,24,12,20,0,10.8,9.3,86.0,2.5,🟢 ACELERANDO - OPORTUNIDADE
CGR-SAO,SAO-CGR,2026-04-20,2,12,39,167.31,120,0.33,0.3,81,83,117,100,39.0,61,12,0,6,6,12,0,6.0,6.0,100.0,0.4,🟢 ACELERANDO - OPORTUNIDADE
BHZ-RIO,RIO-BHZ,2026-04-16,5,8,99,110.02,347,0.29,0.27,248,242,251,247,40.1,148,8,3,12,13,25,0,9.0,16.0,177.8,2.9,🟢 ACELERANDO - OPORTUNIDADE
BHZ-MCL,BHZ-MCL,2026-04-21,3,13,44,104.22,192,0.23,0.23,148,92,124,108,40.7,64,12,3,9,3,15,0,6.8,8.3,122.2,0.4,🟢 ACELERANDO - OPORTUNIDADE
JDF-SAO,JDF-SAO,2026-04-18,7,10,22,89.26,124,0.18,0.17,102,60,48,54,40.7,32,6,0,0,9,9,0,3.8,5.3,140.0,1.0,🟢 ACELERANDO - OPORTUNIDADE
BHZ-MCL,BHZ-MCL,2026-04-16,5,8,43,93.06,192,0.22,0.22,149,87,120,104,41.3,61,3,0,3,12,18,0,4.5,13.5,300.0,2.8,🟢 ACELERANDO - OPORTUNIDADE
BHZ-SAO,SAO-BHZ,2026-04-21,3,13,128,170.47,305,0.42,0.41,177,267,347,307,41.7,179,1,5,2,12,44,0,5.0,39.0,780.0,6.2,🟢 ACELERANDO - OPORTUNIDADE
BHZ-SAO,SAO-BHZ,2026-04-17,6,9,179,195.36,356,0.5,0.48,177,437,415,426,42.0,247,1,5,26,15,25,0,11.8,13.3,112.8,3.9,🟢 ACELERANDO - OPORTUNIDADE
BHZ-VIX,BHZ-VIX,2026-04-20,2,12,86,137.8,322,0.27,0.25,236,190,217,204,42.2,118,1,6,10,8,12,0,6.3,5.8,92.0,1.6,🟢 ACELERANDO - OPORTUNIDADE
RIO-VIX,RIO-VIX,2026-04-20,2,12,58,123.23,180,0.32,0.3,122,112,161,137,42.3,79,2,9,2,0,7,0,3.3,3.8,115.4,0.1,🟢 ACELERANDO - OPORTUNIDADE
BHZ-VIX,VIX-BHZ,2026-04-19,1,11,115,126.28,322,0.36,0.33,207,294,246,270,42.6,155,4,3,5,4,34,0,4.0,30.0,750.0,4.1,🟢 ACELERANDO - OPORTUNIDADE
BHZ-RAO,BHZ-RAO,2026-04-16,5,8,21,150.66,60,0.35,0.26,39,52,46,49,42.9,28,3,3,3,6,15,0,3.8,11.3,300.0,1.8,🟢 ACELERANDO - OPORTUNIDADE
GVS-SAO,SAO-GVS,2026-04-16,5,8,25,109.22,56,0.45,0.26,31,57,58,58,43.1,33,0,9,6,9,24,0,6.0,18.0,300.0,3.2,🟢 ACELERANDO - OPORTUNIDADE
BHZ-SAO,SAO-BHZ,2026-04-16,5,8,132,168.64,368,0.36,0.34,236,292,308,300,44.0,168,13,3,8,28,34,0,13.0,21.0,161.5,4.5,🟢 ACELERANDO - OPORTUNIDADE
RIO-SAO,RIO-SAO,2026-04-20,2,12,229,127.25,734,0.31,0.3,505,386,647,517,44.3,288,32,9,29,51,45,0,30.3,14.8,48.8,4.5,🟢 ACELERANDO - OPORTUNIDADE
CPC-FLN,FLN-CPC,2026-04-16,5,8,84,151.26,164,0.51,0.41,80,179,196,188,44.7,104,13,16,11,8,29,0,12.0,17.0,141.7,1.6,🟢 ACELERANDO - OPORTUNIDADE
SAO-SJP,SAO-SJP,2026-04-21,3,13,119,93.71,325,0.37,0.31,206,220,311,266,44.7,147,11,1,8,27,19,1,11.8,7.3,61.7,2.8,🟢 ACELERANDO - OPORTUNIDADE
RIO-SAO,SAO-RIO,2026-04-18,7,10,165,133.43,438,0.38,0.36,273,360,375,368,44.8,203,22,27,38,51,47,0,34.5,12.5,36.2,4.9,🟢 ACELERANDO - OPORTUNIDADE
CAB-RIO,RIO-CAB,2026-04-16,5,8,48,36.25,138,0.35,0.32,90,94,118,106,45.3,58,7,3,0,4,7,0,3.5,3.5,100.0,0.1,🟢 ACELERANDO - OPORTUNIDADE
ARB-SAO,ARB-SAO,2026-04-20,2,12,47,128.96,153,0.31,0.26,106,80,125,103,45.6,56,6,0,9,2,17,0,4.3,12.8,300.0,1.6,🟢 ACELERANDO - OPORTUNIDADE
BHZ-MCL,BHZ-MCL,2026-04-17,6,9,79,103.93,256,0.31,0.3,177,157,188,173,45.7,94,15,6,3,24,45,0,12.0,33.0,275.0,5.2,🟢 ACELERANDO - OPORTUNIDADE
SAO-SJP,SAO-SJP,2026-04-17,6,9,199,110.76,410,0.49,0.44,211,425,428,427,46.6,228,12,10,20,15,37,0,14.3,22.8,159.6,3.7,🟢 ACELERANDO - OPORTUNIDADE
BHZ-RIO,RIO-BHZ,2026-04-17,6,9,187,138.49,404,0.46,0.44,217,413,379,396,47.2,209,23,9,23,25,28,1,20.0,8.0,40.0,1.7,🟢 ACELERANDO - OPORTUNIDADE
BHZ-CAB,BHZ-CAB,2026-04-20,2,12,73,136.23,237,0.31,0.28,164,149,152,151,48.3,78,0,0,0,12,17,0,3.0,14.0,466.7,3.1,🟢 ACELERANDO - OPORTUNIDADE
ARB-SAO,ARB-SAO,2026-04-21,3,13,57,166.2,159,0.36,0.31,102,89,145,117,48.7,60,0,0,3,11,24,0,3.5,20.5,585.7,3.9,🟢 ACELERANDO - OPORTUNIDADE
ARB-SAO,SAO-ARB,2026-04-21,3,13,57,133.62,153,0.37,0.31,96,75,159,117,48.7,60,3,15,2,5,10,0,6.3,3.8,60.0,0.3,🟢 ACELERANDO - OPORTUNIDADE
BHZ-SAO,BHZ-SAO,2026-04-17,6,9,220,162.7,392,0.56,0.53,172,486,418,452,48.7,232,41,2,26,54,45,0,30.8,14.3,46.3,4.0,🟢 ACELERANDO - OPORTUNIDADE
GYN-SAO,GYN-SAO,2026-04-16,5,8,20,152.4,60,0.33,0.28,40,49,33,41,48.8,21,3,3,0,6,9,0,3.0,6.0,200.0,1.0,🟢 ACELERANDO - OPORTUNIDADE
SAO-SJP,SJP-SAO,2026-04-21,3,13,137,113.24,319,0.43,0.37,182,220,332,276,49.6,139,11,6,7,6,24,0,7.5,16.5,220.0,1.7,🟢 ACELERANDO - OPORTUNIDADE
JDF-SAO,SAO-JDF,2026-04-21,3,13,36,136.18,166,0.22,0.2,130,61,83,72,50.0,36,2,1,8,5,16,0,4.0,12.0,300.0,2.1,🟢 ACELERANDO - OPORTUNIDADE
QAK-SAO,QAK-SAO,2026-04-16,5,8,19,133.22,60,0.32,0.28,41,39,37,38,50.0,19,0,0,9,3,9,0,3.0,6.0,200.0,1.4,🟢 ACELERANDO - OPORTUNIDADE
CPC-FLN,FLN-CPC,2026-04-17,6,9,153,192.5,245,0.62,0.54,92,322,281,302,50.7,149,8,6,28,36,39,0,19.5,19.5,100.0,6.1,🟢 ACELERANDO - OPORTUNIDADE
BHZ-SAO,BHZ-SAO,2026-04-16,5,8,155,138.76,330,0.47,0.44,175,310,292,301,51.5,146,4,6,8,20,55,0,9.5,45.5,478.9,7.7,🟢 ACELERANDO - OPORTUNIDADE
CGR-SAO,CGR-SAO,2026-04-20,2,12,47,161.39,120,0.39,0.38,73,67,114,91,51.6,44,0,6,3,3,12,0,3.0,9.0,300.0,1.4,🟢 ACELERANDO - OPORTUNIDADE
BHZ-VIX,BHZ-VIX,2026-04-18,7,10,93,139.98,174,0.53,0.51,81,195,154,175,53.1,82,6,3,8,11,17,0,7.0,10.0,142.9,2.0,🟢 ACELERANDO - OPORTUNIDADE
MCL-SAO,MCL-SAO,2026-04-16,5,8,46,133.94,64,0.72,0.54,18,90,81,86,53.5,40,3,6,6,9,9,0,6.0,3.0,50.0,1.0,🟢 ACELERANDO - OPORTUNIDADE
BHZ-UDI,UDI-BHZ,2026-04-21,3,13,59,168.93,148,0.4,0.37,89,76,144,110,53.6,51,1,1,10,4,36,0,4.0,32.0,800.0,4.9,🟢 ACELERANDO - OPORTUNIDADE
CPC-FLN,CPC-FLN,2026-04-17,6,9,167,218.43,250,0.67,0.58,83,297,318,308,54.2,141,9,8,22,16,22,0,13.8,8.3,60.0,2.3,🟢 ACELERANDO - OPORTUNIDADE
BHZ-RIO,RIO-BHZ,2026-04-20,2,12,184,143.99,364,0.51,0.48,180,210,464,337,54.6,153,14,10,9,51,36,0,21.0,15.0,71.4,5.7,🟢 ACELERANDO - OPORTUNIDADE
CPC-FLN,CPC-FLN,2026-04-16,5,8,124,175.11,245,0.51,0.44,121,217,237,227,54.6,103,16,0,24,18,29,0,14.5,14.5,100.0,2.9,🟢 ACELERANDO - OPORTUNIDADE
RIO-SAO,SAO-RIO,2026-04-16,5,8,369,191.03,633,0.58,0.57,264,562,773,668,55.2,299,17,13,67,47,77,2,36.0,41.0,113.9,10.3,🟢 ACELERANDO - OPORTUNIDADE
GVS-SAO,GVS-SAO,2026-04-20,2,12,30,123.1,56,0.54,0.35,26,47,61,54,55.6,24,3,6,12,21,21,0,10.5,10.5,100.0,3.4,🟢 ACELERANDO - OPORTUNIDADE
CRG-SAO,CRG-SAO,2026-04-20,2,12,78,55.63,228,0.34,0.3,150,118,155,137,56.9,59,3,3,3,18,12,0,6.8,5.3,77.8,2.2,🟢 ACELERANDO - OPORTUNIDADE
RIO-SAO,RIO-SAO,2026-04-21,3,13,388,196.23,757,0.51,0.5,369,490,873,682,56.9,294,17,19,23,71,89,0,32.5,56.5,173.8,13.1,🟢 ACELERANDO - OPORTUNIDADE
BHZ-VIX,VIX-BHZ,2026-04-21,3,13,213,230.9,412,0.52,0.49,199,292,455,374,57.0,161,5,8,12,33,22,0,14.5,7.5,51.7,3.9,🟢 ACELERANDO - OPORTUNIDADE
SAO-VIX,VIX-SAO,2026-04-16,5,8,67,171.91,145,0.46,0.38,78,111,123,117,57.3,50,4,6,0,4,9,0,3.5,5.5,157.1,0.5,🟢 ACELERANDO - OPORTUNIDADE
BHZ-VIX,VIX-BHZ,2026-04-17,6,9,197,167.33,315,0.63,0.58,118,363,323,343,57.4,146,7,10,21,11,21,0,12.3,8.8,71.4,1.9,🟢 ACELERANDO - OPORTUNIDADE
RIO-VIX,RIO-VIX,2026-04-16,5,8,86,122.63,175,0.49,0.46,89,143,155,149,57.7,63,3,15,5,21,23,0,11.0,12.0,109.1,3.1,🟢 ACELERANDO - OPORTUNIDADE
BHZ-RIO,BHZ-RIO,2026-04-16,5,8,219,163.61,344,0.64,0.6,125,314,440,377,58.1,158,10,2,10,20,37,0,10.5,26.5,252.4,4.8,🟢 ACELERANDO - OPORTUNIDADE
ARB-SAO,SAO-ARB,2026-04-16,5,8,59,131.92,159,0.37,0.31,100,96,102,99,59.6,40,2,8,9,16,20,0,8.8,11.3,128.6,2.9,🟢 ACELERANDO - OPORTUNIDADE
CPC-FLN,FLN-CPC,2026-04-21,3,13,159,207.16,291,0.55,0.48,132,233,300,267,59.6,108,13,4,19,15,20,0,12.8,7.3,56.9,1.7,🟢 ACELERANDO - OPORTUNIDADE
CPC-FLN,CPC-FLN,2026-04-21,3,13,113,166.4,247,0.46,0.38,134,173,203,188,60.1,75,2,14,18,30,25,0,16.0,9.0,56.3,4.1,🟢 ACELERANDO - OPORTUNIDADE
ARB-SAO,SAO-ARB,2026-04-17,6,9,88,156.09,153,0.58,0.5,65,116,173,145,60.7,57,3,3,14,22,19,0,10.5,8.5,81.0,3.4,🟢 ACELERANDO - OPORTUNIDADE
GYN-SAO,SAO-GYN,2026-04-21,3,13,28,151.29,60,0.47,0.36,32,39,53,46,60.9,18,12,0,0,3,9,0,3.8,5.3,140.0,-0.2,🟢 ACELERANDO - OPORTUNIDADE
OLP-SAO,OLP-SAO,2026-04-17,6,9,48,94.94,92,0.52,0.4,44,75,81,78,61.5,30,6,1,2,5,9,0,3.5,5.5,157.1,0.7,🟢 ACELERANDO - OPORTUNIDADE
JDF-SAO,SAO-JDF,2026-04-20,2,12,32,111.43,120,0.27,0.24,88,41,60,51,62.7,19,3,9,6,3,12,0,5.3,6.8,128.6,0.8,🟢 ACELERANDO - OPORTUNIDADE
GVS-SAO,SAO-GVS,2026-04-17,6,9,50,158.22,64,0.78,0.6,14,73,85,79,63.3,29,3,0,12,9,12,0,6.0,6.0,100.0,1.8,🟢 ACELERANDO - OPORTUNIDADE
BHZ-VIX,BHZ-VIX,2026-04-17,6,9,304,244.08,441,0.69,0.66,137,360,595,478,63.6,174,6,5,13,30,20,0,13.5,6.5,48.1,3.5,🟢 ACELERANDO - OPORTUNIDADE
CGR-SAO,CGR-SAO,2026-04-17,6,9,75,186.3,120,0.63,0.59,45,100,136,118,63.6,43,0,9,3,9,9,0,5.3,3.8,71.4,1.2,🟢 ACELERANDO - OPORTUNIDADE
CGR-SAO,CGR-SAO,2026-04-18,7,10,56,138.9,120,0.47,0.43,64,76,99,88,63.6,32,0,9,6,3,30,0,4.5,25.5,566.7,3.6,🟢 ACELERANDO - OPORTUNIDADE
RIO-SAO,SAO-RIO,2026-04-17,6,9,572,192.39,957,0.6,0.59,385,739,1061,900,63.6,328,28,20,39,97,132,0,46.0,86.0,187.0,19.0,🟢 ACELERANDO - OPORTUNIDADE
BHZ-CAB,BHZ-CAB,2026-04-19,1,11,102,127.78,250,0.41,0.39,148,162,157,160,63.8,58,5,2,10,4,15,2,5.3,9.8,185.7,1.5,🟢 ACELERANDO - OPORTUNIDADE
CAB-RIO,RIO-CAB,2026-04-17,6,9,140,54.38,184,0.76,0.7,44,257,176,217,64.5,77,2,19,3,20,21,0,11.0,10.0,90.9,2.6,🟢 ACELERANDO - OPORTUNIDADE
QAK-SAO,SAO-QAK,2026-04-17,6,9,40,184.38,60,0.67,0.58,20,64,59,62,64.5,22,3,3,6,3,9,0,3.8,5.3,140.0,0.8,🟢 ACELERANDO - OPORTUNIDADE
RIO-UDI,RIO-UDI,2026-04-17,6,9,39,211.85,56,0.7,0.56,17,63,55,59,66.1,20,0,9,3,12,12,0,6.0,6.0,100.0,1.8,🟢 ACELERANDO - OPORTUNIDADE
SAO-VIX,SAO-VIX,2026-04-16,5,8,66,163.1,145,0.46,0.37,79,96,98,97,68.0,31,2,1,6,14,13,0,5.8,7.3,126.1,2.3,🟢 ACELERANDO - OPORTUNIDADE
BHZ-GYN,GYN-BHZ,2026-04-17,6,9,44,164.51,64,0.69,0.59,20,65,63,64,68.8,20,12,0,0,9,9,0,5.3,3.8,71.4,0.2,🟢 ACELERANDO - OPORTUNIDADE
CGR-SAO,CGR-SAO,2026-04-16,5,8,65,169.05,120,0.54,0.51,55,87,100,94,69.1,29,12,3,6,24,24,0,11.3,12.8,113.3,3.0,🟢 ACELERANDO - OPORTUNIDADE
BHZ-CAB,CAB-BHZ,2026-04-17,6,9,157,154.04,251,0.63,0.59,94,238,211,225,69.8,68,8,4,2,9,21,0,5.8,15.3,265.2,2.1,🟢 ACELERANDO - OPORTUNIDADE
GYN-SAO,SAO-GYN,2026-04-17,6,9,49,140.21,60,0.82,0.6,11,52,81,67,73.1,18,12,3,9,3,12,0,6.8,5.3,77.8,0.0,🟢 ACELERANDO - OPORTUNIDADE
BHZ-VIX,BHZ-VIX,2026-04-16,5,8,213,194.6,315,0.68,0.64,102,241,333,287,74.2,74,8,1,4,4,22,0,4.3,17.8,417.6,2.1,🟢 ACELERANDO - OPORTUNIDADE
CMP-RIO,RIO-CMP,2026-04-16,5,8,30,99.7,60,0.5,0.46,30,36,37,37,81.1,7,0,3,6,3,15,0,3.0,12.0,400.0,2.0,🟡 ACELERANDO - MONITORAR
JDF-SAO,JDF-SAO,2026-04-16,5,8,45,116.97,184,0.24,0.23,139,54,56,55,81.8,10,12,0,0,12,21,0,6.0,15.0,250.0,2.0,🟡 ACELERANDO - MONITORAR
BHZ-MCL,BHZ-MCL,2026-04-22,4,14,10,91.1,128,0.08,0.08,118,95,106,101,9.9,91,6,0,9,0,0,0,3.8,-3.8,-100.0,-0.8,🔵 DESACELERANDO
BHZ-UDI,BHZ-UDI,2026-04-19,1,11,24,134.98,102,0.24,0.21,78,179,143,161,14.9,137,6,7,0,12,1,0,6.3,-5.3,-84.0,-0.3,🔵 DESACELERANDO
QAK-SAO,SAO-QAK,2026-04-22,4,14,7,115.61,60,0.12,0.1,53,52,37,45,15.6,38,0,0,6,6,0,0,3.0,-3.0,-100.0,0.4,🔵 DESACELERANDO
RAO-SAO,SAO-RAO,2026-04-22,4,14,66,56.82,421,0.16,0.12,355,418,422,420,15.7,354,10,1,15,7,3,0,8.3,-5.3,-63.6,-0.5,🔵 DESACELERANDO
BHZ-MCL,BHZ-MCL,2026-04-19,1,11,22,94.85,256,0.09,0.08,234,132,142,137,16.1,115,9,3,12,6,3,3,7.5,-4.5,-60.0,-0.6,🔵 DESACELERANDO
BHZ-RAO,RAO-BHZ,2026-04-19,1,11,8,127.15,60,0.13,0.09,52,50,42,46,17.4,38,0,9,3,0,0,0,3.0,-3.0,-100.0,-0.6,🔵 DESACELERANDO
SAO-VIX,SAO-VIX,2026-04-19,1,11,24,165.19,145,0.17,0.13,121,107,115,111,21.6,87,2,0,2,8,0,0,3.0,-3.0,-100.0,0.3,🔵 DESACELERANDO
MCL-SAO,SAO-MCL,2026-04-19,1,11,18,135.79,64,0.28,0.21,46,74,82,78,23.1,60,0,0,0,12,0,0,3.0,-3.0,-100.0,0.8,🔵 DESACELERANDO
BHZ-MCL,BHZ-MCL,2026-04-20,2,12,26,86.05,256,0.1,0.1,230,87,122,105,24.8,79,3,0,12,6,0,0,5.3,-5.3,-100.0,0.0,🔵 DESACELERANDO
CAB-SAO,CAB-SAO,2026-04-18,7,10,20,198.3,45,0.44,0.44,25,88,61,75,26.7,55,6,2,0,4,0,0,3.0,-3.0,-100.0,-0.7,🔵 DESACELERANDO
MCL-RIO,MCL-RIO,2026-04-22,4,14,16,147.46,60,0.27,0.16,44,73,44,59,27.1,43,0,6,0,18,3,0,6.0,-3.0,-50.0,1.2,🔵 DESACELERANDO
SAO-SJP,SJP-SAO,2026-04-16,5,8,68,95.31,190,0.36,0.3,122,244,240,242,28.1,174,10,6,4,18,5,0,9.5,-4.5,-47.4,0.1,🔵 DESACELERANDO
BHZ-SAO,SAO-BHZ,2026-04-19,1,11,92,144.54,365,0.25,0.24,273,335,293,314,29.3,222,12,0,12,22,7,0,11.5,-4.5,-39.1,0.8,🔵 DESACELERANDO
MCL-SAO,MCL-SAO,2026-04-20,2,12,24,123.23,64,0.38,0.27,40,78,79,79,30.4,55,9,6,9,9,3,0,8.3,-5.3,-63.6,-0.6,🔵 DESACELERANDO
BHZ-RAO,BHZ-RAO,2026-04-18,7,10,14,105.97,60,0.23,0.16,46,53,35,44,31.8,30,0,3,9,0,0,0,3.0,-3.0,-100.0,-0.2,🔵 DESACELERANDO
SAO-VIX,VIX-SAO,2026-04-18,7,10,28,164.22,89,0.31,0.27,61,95,74,85,32.9,57,0,2,12,8,2,0,5.5,-3.5,-63.6,0.7,🔵 DESACELERANDO
SAO-UDI,UDI-SAO,2026-04-21,3,13,17,161.49,43,0.4,0.37,26,35,61,48,35.4,31,0,4,6,2,0,0,3.0,-3.0,-100.0,-0.1,🔵 DESACELERANDO
MCL-SAO,SAO-MCL,2026-04-21,3,13,29,184.07,64,0.45,0.31,35,81,79,80,36.3,51,6,6,0,18,0,0,7.5,-7.5,-100.0,0.0,🔵 DESACELERANDO
SAO-UDI,SAO-UDI,2026-04-21,3,13,20,162.25,43,0.47,0.45,23,47,62,55,36.4,35,6,4,0,2,0,0,3.0,-3.0,-100.0,-0.9,🔵 DESACELERANDO
MCL-RIO,RIO-MCL,2026-04-16,5,8,15,152.37,60,0.25,0.19,45,42,37,40,37.5,25,0,0,3,12,0,0,3.8,-3.8,-100.0,0.8,🔵 DESACELERANDO
QAK-SAO,SAO-QAK,2026-04-20,2,12,13,120.52,60,0.22,0.18,47,30,37,34,38.2,21,3,0,6,3,0,0,3.0,-3.0,-100.0,-0.2,🔵 DESACELERANDO
BHZ-DTI,BHZ-DTI,2026-04-17,6,9,43,80.85,133,0.32,0.27,90,106,117,112,38.4,69,6,2,1,7,1,0,4.0,-3.0,-75.0,-0.3,🔵 DESACELERANDO
GYN-SAO,GYN-SAO,2026-04-22,4,14,20,127.85,60,0.33,0.3,40,43,60,52,38.5,32,21,0,0,3,0,0,6.0,-6.0,-100.0,-2.6,🔵 DESACELERANDO
RIO-VIX,RIO-VIX,2026-04-17,6,9,90,169.44,177,0.51,0.47,87,194,248,221,40.7,131,18,8,12,12,5,0,12.5,-7.5,-60.0,-1.5,🔵 DESACELERANDO
BHZ-CMP,CMP-BHZ,2026-04-16,5,8,25,188.82,40,0.63,0.55,15,61,60,61,41.0,36,2,6,0,6,0,0,3.5,-3.5,-100.0,-0.3,🔵 DESACELERANDO
BHZ-MCL,MCL-BHZ,2026-04-16,5,8,52,105.8,256,0.2,0.2,204,106,137,122,42.6,70,15,12,18,27,6,0,18.0,-12.0,-66.7,-0.2,🔵 DESACELERANDO
GYN-SAO,SAO-GYN,2026-04-16,5,8,23,129.07,60,0.38,0.28,37,53,50,52,44.2,29,3,3,0,6,0,0,3.0,-3.0,-100.0,-0.2,🔵 DESACELERANDO
CDG-RIO,CDG-RIO,2026-04-17,6,9,53,68.65,92,0.58,0.57,39,154,83,119,44.5,66,1,2,1,16,1,0,5.0,-4.0,-80.0,0.9,🔵 DESACELERANDO
MCL-SAO,MCL-SAO,2026-04-17,6,9,42,162.11,64,0.66,0.45,22,96,81,89,47.2,47,9,3,3,9,0,0,6.0,-6.0,-100.0,-0.8,🔵 DESACELERANDO
BHZ-CAB,BHZ-CAB,2026-04-21,3,13,100,145.94,206,0.49,0.45,106,215,202,209,47.8,109,4,15,0,0,0,0,4.8,-4.8,-100.0,-1.5,🔵 DESACELERANDO
RIO-STS,STS-RIO,2026-04-20,2,12,13,110.67,56,0.23,0.22,43,22,32,27,48.1,14,6,0,6,6,0,0,4.5,-4.5,-100.0,-0.4,🔵 DESACELERANDO
BHZ-CAB,BHZ-CAB,2026-04-18,7,10,77,188.59,171,0.45,0.44,94,162,154,158,48.7,81,3,2,17,4,0,0,6.5,-6.5,-100.0,-0.3,🔵 DESACELERANDO
BHZ-RAO,RAO-BHZ,2026-04-21,3,13,25,163.94,60,0.42,0.31,35,39,59,49,51.0,24,3,9,6,6,0,0,6.0,-6.0,-100.0,-0.6,🔵 DESACELERANDO
ARB-SAO,ARB-SAO,2026-04-16,5,8,60,119.05,153,0.39,0.34,93,102,126,114,52.6,54,5,13,4,18,3,0,10.0,-7.0,-70.0,0.1,🔵 DESACELERANDO
BHZ-VIX,BHZ-VIX,2026-04-21,3,13,135,186.28,211,0.64,0.6,76,247,256,252,53.6,117,17,6,16,4,5,0,10.8,-5.8,-53.5,-1.7,🔵 DESACELERANDO
GYN-SAO,GYN-SAO,2026-04-17,6,9,37,137.82,60,0.62,0.52,23,56,68,62,59.7,25,6,0,12,12,0,0,7.5,-7.5,-100.0,0.0,🔵 DESACELERANDO
BHZ-BSB,BHZ-BSB,2026-04-17,6,9,26,231.33,91,0.29,0.29,65,32,53,43,60.5,17,0,2,2,10,0,0,3.5,-3.5,-100.0,0.5,🔵 DESACELERANDO
CGR-SAO,CGR-SAO,2026-04-21,3,13,50,159.7,120,0.42,0.4,70,75,89,82,61.0,32,0,3,9,15,3,0,6.8,-3.8,-55.6,1.2,🔵 DESACELERANDO
CGR-SAO,SAO-CGR,2026-04-21,3,13,56,153.81,120,0.47,0.45,64,75,103,89,62.9,33,3,27,15,12,9,0,14.3,-5.3,-36.8,-0.2,🔵 DESACELERANDO
BHZ-CAB,BHZ-CAB,2026-04-16,5,8,208,247.76,308,0.68,0.64,100,260,372,316,65.8,108,15,2,0,4,2,0,5.3,-3.3,-61.9,-1.6,🔵 DESACELERANDO
BHZ-RAO,RAO-BHZ,2026-04-17,6,9,35,181.01,60,0.58,0.45,25,69,35,52,67.3,17,9,6,12,21,3,0,12.0,-9.0,-75.0,0.2,🔵 DESACELERANDO
RAO-RIO,RAO-RIO,2026-04-20,2,12,24,134.65,53,0.45,0.42,29,27,41,34,70.6,10,0,3,3,18,3,0,6.0,-3.0,-50.0,1.4,🔵 DESACELERANDO
RAO-RIO,RAO-RIO,2026-04-16,5,8,41,197.24,53,0.77,0.66,12,46,63,55,74.5,14,0,9,6,6,0,0,5.3,-5.3,-100.0,-0.2,🔵 DESACELERANDO
QAK-SAO,QAK-SAO,2026-04-17,6,9,37,125.55,44,0.84,0.64,7,53,42,48,77.1,11,6,1,4,8,1,0,4.8,-3.8,-78.9,-0.2,🔵 DESACELERANDO
RIO-UDI,RIO-UDI,2026-04-16,5,8,36,165.65,56,0.64,0.5,20,47,42,45,80.0,9,18,3,24,9,6,0,13.5,-7.5,-55.6,-1.2,🔵 DESACELERANDO
BHZ-RAO,BHZ-RAO,2026-04-19,1,11,1,242.9,49,0.02,0.01,48,45,41,43,2.3,42,0,0,0,0,0,0,0.0,0.0,,0.0,⚪ NORMAL
GYN-SAO,SAO-GYN,2026-04-22,4,14,1,137.9,60,0.02,0.02,59,39,46,43,2.3,42,0,0,0,0,3,0,0.0,3.0,,0.4,⚪ NORMAL
MCE-SAO,SAO-MCE,2026-04-22,4,14,1,81.9,44,0.02,0.02,43,44,15,30,3.3,29,0,0,1,0,0,0,0.3,-0.3,-100.0,0.0,⚪ NORMAL
CAB-JDF,JDF-CAB,2026-04-20,2,12,1,51.9,45,0.02,0.02,44,37,19,28,3.6,27,0,0,0,0,1,0,0.0,1.0,,0.1,⚪ NORMAL
CMP-SJK,CMP-SJK,2026-04-21,3,13,2,40.9,46,0.04,0.02,44,57,53,55,3.6,53,0,0,0,0,1,0,0.0,1.0,,0.1,⚪ NORMAL
BHZ-RAO,RAO-BHZ,2026-04-18,7,10,2,109.9,49,0.04,0.03,47,58,44,51,3.9,49,0,0,0,0,0,2,0.0,0.0,,0.0,⚪ NORMAL
CAB-RIO,RIO-CAB,2026-04-22,4,14,5,36.9,45,0.11,0.11,40,152,71,112,4.5,107,3,0,0,0,0,0,0.8,-0.8,-100.0,-0.4,⚪ NORMAL
CMP-SJK,CMP-SJK,2026-04-20,2,12,2,24.4,46,0.04,0.01,44,46,42,44,4.5,42,0,0,0,0,0,0,0.0,0.0,,0.0,⚪ NORMAL
OLP-SAO,OLP-SAO,2026-04-19,1,11,4,68.15,92,0.04,0.03,88,94,76,85,4.7,81,0,0,0,0,0,0,0.0,0.0,,0.0,⚪ NORMAL
BHZ-MCE,MCE-BHZ,2026-04-18,7,10,1,139.9,45,0.02,0.02,44,28,10,19,5.3,18,0,0,0,1,0,0,0.3,-0.3,-100.0,0.1,⚪ NORMAL
BHZ-IPA,BHZ-IPA,2026-04-22,4,14,10,55.7,180,0.06,0.05,170,162,199,181,5.5,171,0,0,0,1,1,0,0.3,0.8,300.0,0.2,⚪ NORMAL
CMP-SAO,CMP-SAO,2026-04-19,1,11,28,22.04,368,0.08,0.07,340,558,467,513,5.5,485,0,8,4,4,2,0,4.0,-2.0,-50.0,0.0,⚪ NORMAL
CMP-SJK,CMP-SJK,2026-04-16,5,8,3,28.9,46,0.07,0.02,43,54,49,52,5.8,49,1,0,0,0,1,0,0.3,0.8,300.0,0.0,⚪ NORMAL
CMP-SJK,SJK-CMP,2026-04-22,4,14,4,30.4,46,0.09,0.04,42,79,48,64,6.3,60,0,0,0,0,1,0,0.0,1.0,,0.1,⚪ NORMAL
CMP-SAO,CMP-SAO,2026-04-22,4,14,17,22.78,230,0.07,0.06,213,252,271,262,6.5,245,0,0,2,2,5,0,1.0,4.0,400.0,0.8,⚪ NORMAL
CMP-SAO,SAO-CMP,2026-04-20,2,12,25,20.78,414,0.06,0.05,389,388,368,378,6.6,353,1,4,2,4,4,0,2.8,1.3,45.5,0.4,⚪ NORMAL
CMP-SAO,SAO-CMP,2026-04-19,1,11,32,20.87,460,0.07,0.06,428,519,432,476,6.7,444,2,1,4,4,6,0,2.8,3.3,118.2,0.7,⚪ NORMAL
BHZ-UDI,BHZ-UDI,2026-04-18,7,10,7,168.19,60,0.12,0.12,53,118,84,101,6.9,94,3,0,0,9,3,0,3.0,0.0,0.0,0.6,⚪ NORMAL
CMP-SJK,SJK-CMP,2026-04-19,1,11,3,33.9,46,0.07,0.03,43,42,43,43,7.0,40,0,0,2,0,1,0,0.5,0.5,100.0,0.1,⚪ NORMAL
CMP-SJK,SJK-CMP,2026-04-16,5,8,3,28.57,46,0.07,0.04,43,39,38,39,7.7,36,0,0,0,1,0,0,0.3,-0.3,-100.0,0.1,⚪ NORMAL
SAO-SJK,SJK-SAO,2026-04-19,1,11,14,20.11,184,0.08,0.07,170,221,144,183,7.7,169,0,2,0,0,6,0,0.5,5.5,1100.0,0.7,⚪ NORMAL
BHZ-SJK,SJK-BHZ,2026-04-18,7,10,5,165.9,60,0.08,0.08,55,77,50,64,7.8,59,0,0,0,0,3,0,0.0,3.0,,0.4,⚪ NORMAL
OLP-SAO,OLP-SAO,2026-04-22,4,14,3,59.23,46,0.07,0.05,43,44,31,38,7.9,35,0,1,1,0,0,0,0.5,-0.5,-100.0,-0.1,⚪ NORMAL
IPA-VIX,IPA-VIX,2026-04-19,1,11,6,104.57,81,0.07,0.05,75,82,68,75,8.0,69,0,0,1,0,0,0,0.3,-0.3,-100.0,0.0,⚪ NORMAL
SAO-SJK,SAO-SJK,2026-04-21,3,13,11,21.72,138,0.08,0.08,127,156,118,137,8.0,126,1,0,3,1,1,0,1.3,-0.3,-20.0,0.1,⚪ NORMAL
CMP-SJK,SJK-CMP,2026-04-17,6,9,5,33.1,46,0.11,0.05,41,77,42,60,8.3,55,0,0,0,0,2,0,0.0,2.0,,0.3,⚪ NORMAL
BHZ-UDI,UDI-BHZ,2026-04-22,4,14,8,114.65,102,0.08,0.07,94,101,86,94,8.5,86,3,0,3,0,3,0,1.5,1.5,100.0,0.0,⚪ NORMAL
CAB-RIO,RIO-CAB,2026-04-21,3,13,11,40.26,90,0.12,0.11,79,148,112,130,8.5,119,0,0,0,1,4,0,0.3,3.8,1500.0,0.6,⚪ NORMAL
CMP-SAO,CMP-SAO,2026-04-20,2,12,34,22.61,368,0.09,0.08,334,409,374,392,8.7,358,4,8,2,4,5,0,4.5,0.5,11.1,-0.1,⚪ NORMAL
BHZ-SJK,BHZ-SJK,2026-04-21,3,13,7,199.33,60,0.12,0.11,53,76,81,79,8.9,72,0,0,0,0,12,0,0.0,12.0,,1.6,⚪ NORMAL
CMP-SAO,CMP-SAO,2026-04-18,7,10,43,22.23,552,0.08,0.06,509,478,481,480,9.0,437,3,1,6,8,3,0,4.5,-1.5,-33.3,0.5,⚪ NORMAL
CMP-SJK,CMP-SJK,2026-04-19,1,11,6,27.57,46,0.13,0.05,40,67,66,67,9.0,61,1,0,0,0,0,0,0.3,-0.3,-100.0,-0.1,⚪ NORMAL
CMP-SJK,SJK-CMP,2026-04-18,7,10,6,31.9,46,0.13,0.05,40,94,40,67,9.0,61,0,0,0,0,1,0,0.0,1.0,,0.1,⚪ NORMAL
JDF-SAO,SAO-JDF,2026-04-22,4,14,5,97.5,120,0.04,0.04,115,75,34,55,9.1,50,0,0,0,3,6,0,0.8,5.3,700.0,1.0,⚪ NORMAL
PAS-SAO,SAO-PAS,2026-04-18,7,10,3,66.23,46,0.07,0.06,43,37,28,33,9.1,30,0,0,0,0,0,0,0.0,0.0,,0.0,⚪ NORMAL
IPA-VIX,IPA-VIX,2026-04-22,4,14,6,100.9,40,0.15,0.15,34,65,65,65,9.2,59,0,0,0,0,0,0,0.0,0.0,,0.0,⚪ NORMAL
SAO-SJK,SAO-SJK,2026-04-22,4,14,12,14.32,138,0.09,0.08,126,157,93,125,9.6,113,1,1,1,3,0,0,1.5,-1.5,-100.0,0.0,⚪ NORMAL
CAB-RIO,CAB-RIO,2026-04-22,4,14,10,33.3,45,0.22,0.21,35,112,93,103,9.7,93,0,0,0,2,3,0,0.5,2.5,500.0,0.5,⚪ NORMAL
SAO-SJK,SAO-SJK,2026-04-20,2,12,12,16.9,138,0.09,0.08,126,137,111,124,9.7,112,1,3,0,1,1,0,1.3,-0.3,-20.0,-0.1,⚪ NORMAL
CAB-VIX,VIX-CAB,2026-04-22,4,14,3,66.23,44,0.07,0.05,41,37,22,30,10.0,27,0,0,0,2,0,0,0.5,-0.5,-100.0,0.1,⚪ NORMAL
QAK-SAO,SAO-QAK,2026-04-19,1,11,4,120.9,44,0.09,0.09,40,43,36,40,10.0,36,0,0,0,2,0,0,0.5,-0.5,-100.0,0.1,⚪ NORMAL
CMP-SAO,SAO-CMP,2026-04-22,4,14,28,22.29,230,0.12,0.11,202,257,288,273,10.3,245,3,2,1,2,3,0,2.0,1.0,50.0,0.0,⚪ NORMAL
BHZ-IPA,IPA-BHZ,2026-04-22,4,14,20,53.4,176,0.11,0.09,156,160,226,193,10.4,173,1,0,1,4,1,0,1.5,-0.5,-33.3,0.3,⚪ NORMAL
BRU-SAO,BRU-SAO,2026-04-19,1,11,5,56.9,88,0.06,0.06,83,51,44,48,10.4,43,0,2,0,0,0,0,0.5,-0.5,-100.0,-0.1,⚪ NORMAL
CMP-SAO,SAO-CMP,2026-04-21,3,13,33,26.14,412,0.08,0.07,379,263,370,317,10.4,284,1,4,4,1,7,0,2.5,4.5,180.0,0.6,⚪ NORMAL
IPA-VIX,IPA-VIX,2026-04-20,2,12,6,93.4,80,0.08,0.06,74,61,52,57,10.5,51,0,0,1,2,2,0,0.8,1.3,166.7,0.4,⚪ NORMAL
CMP-SAO,CMP-SAO,2026-04-21,3,13,33,27.48,504,0.07,0.05,471,257,358,308,10.7,275,2,1,3,3,5,0,2.3,2.8,122.2,0.5,⚪ NORMAL
BHZ-UDI,UDI-BHZ,2026-04-19,1,11,15,170.1,101,0.15,0.14,86,161,116,139,10.8,124,0,4,0,0,4,0,1.0,3.0,300.0,0.3,⚪ NORMAL
PAS-SAO,SAO-PAS,2026-04-22,4,14,4,67.15,46,0.09,0.09,42,45,28,37,10.8,33,0,0,0,0,1,0,0.0,1.0,,0.1,⚪ NORMAL
BHZ-MCL,BHZ-MCL,2026-04-18,7,10,10,91.0,128,0.08,0.08,118,74,110,92,10.9,82,0,0,0,0,0,0,0.0,0.0,,0.0,⚪ NORMAL
CMP-SJK,CMP-SJK,2026-04-22,4,14,6,28.23,46,0.13,0.05,40,60,50,55,10.9,49,1,0,1,1,2,0,0.8,1.3,166.7,0.2,⚪ NORMAL
CRG-SAO,SAO-CRG,2026-04-22,4,14,12,42.57,136,0.09,0.07,124,114,100,107,11.2,95,0,0,1,1,3,0,0.5,2.5,500.0,0.5,⚪ NORMAL
BHZ-RAO,BHZ-RAO,2026-04-22,4,14,5,101.9,60,0.08,0.05,55,55,33,44,11.4,39,0,0,0,3,0,0,0.8,-0.8,-100.0,0.2,⚪ NORMAL
BAT-SAO,BAT-SAO,2026-04-18,7,10,8,78.28,45,0.18,0.16,37,76,62,69,11.6,61,0,2,0,0,2,0,0.5,1.5,300.0,0.1,⚪ NORMAL
BHZ-IPA,IPA-BHZ,2026-04-19,1,11,38,59.72,401,0.09,0.07,363,315,322,319,11.9,281,4,3,0,4,5,0,2.8,2.3,81.8,0.2,⚪ NORMAL
CMP-SJK,CMP-SJK,2026-04-17,6,9,8,35.03,46,0.17,0.08,38,74,59,67,11.9,59,1,1,1,1,2,0,1.0,1.0,100.0,0.1,⚪ NORMAL
CAB-JDF,JDF-CAB,2026-04-21,3,13,6,48.57,44,0.14,0.13,38,60,39,50,12.0,44,0,0,0,0,3,0,0.0,3.0,,0.4,⚪ NORMAL
CAB-VIX,CAB-VIX,2026-04-22,4,14,4,74.9,52,0.08,0.07,48,38,28,33,12.1,29,0,1,0,0,1,0,0.3,0.8,300.0,0.1,⚪ NORMAL
CMP-RIO,CMP-RIO,2026-04-19,1,11,7,134.04,60,0.12,0.11,53,61,55,58,12.1,51,0,0,0,9,0,0,2.3,-2.3,-100.0,0.6,⚪ NORMAL
PNV-SAO,PNV-SAO,2026-04-22,4,14,4,158.9,44,0.09,0.08,40,35,30,33,12.1,29,0,0,1,0,0,0,0.3,-0.3,-100.0,0.0,⚪ NORMAL
BHZ-MCE,BHZ-MCE,2026-04-18,7,10,2,126.9,45,0.04,0.04,43,25,7,16,12.5,14,0,0,0,0,2,0,0.0,2.0,,0.3,⚪ NORMAL
BOA-MAN,MAN-BOA,2026-04-22,4,14,4,92.65,43,0.09,0.08,39,31,32,32,12.5,28,0,0,0,1,0,0,0.3,-0.3,-100.0,0.1,⚪ NORMAL
CAB-JDF,CAB-JDF,2026-04-18,7,10,5,44.3,45,0.11,0.09,40,52,28,40,12.5,35,3,0,0,0,2,0,0.8,1.3,166.7,-0.1,⚪ NORMAL
CMP-SAO,SAO-CMP,2026-04-17,6,9,52,22.82,414,0.13,0.11,362,409,394,402,12.9,350,6,6,6,6,8,0,6.0,2.0,33.3,0.3,⚪ NORMAL
SAO-SJP,SAO-SJP,2026-04-22,4,14,30,83.17,184,0.16,0.13,154,235,226,231,13.0,201,0,1,6,0,4,0,1.8,2.3,128.6,0.5,⚪ NORMAL
SAO-SJK,SAO-SJK,2026-04-18,7,10,25,21.7,184,0.14,0.13,159,246,135,191,13.1,166,4,2,3,1,1,0,2.5,-1.5,-60.0,-0.5,⚪ NORMAL
SAO-SJK,SJK-SAO,2026-04-20,2,12,19,17.06,184,0.1,0.1,165,160,127,144,13.2,125,0,2,2,0,1,0,1.0,0.0,0.0,0.0,⚪ NORMAL
SAO-SJK,SJK-SAO,2026-04-21,3,13,22,21.17,184,0.12,0.12,162,197,132,165,13.3,143,2,2,1,1,3,0,1.5,1.5,100.0,0.1,⚪ NORMAL
BHZ-UDI,BHZ-UDI,2026-04-22,4,14,17,100.78,101,0.17,0.15,84,132,117,125,13.6,108,0,0,0,1,0,0,0.3,-0.3,-100.0,0.1,⚪ NORMAL
GVS-SAO,SAO-GVS,2026-04-22,4,14,7,117.19,64,0.11,0.07,57,65,37,51,13.7,44,0,0,0,0,3,0,0.0,3.0,,0.4,⚪ NORMAL
BAT-SAO,SAO-BAT,2026-04-18,7,10,10,89.8,45,0.22,0.21,35,67,76,72,13.9,62,0,1,0,0,2,0,0.3,1.8,700.0,0.2,⚪ NORMAL
CMP-SAO,SAO-CMP,2026-04-16,5,8,32,18.87,322,0.1,0.09,290,237,222,230,13.9,198,2,1,3,5,4,0,2.8,1.3,45.5,0.5,⚪ NORMAL
ARB-SAO,ARB-SAO,2026-04-22,4,14,14,131.47,93,0.15,0.14,79,94,105,100,14.0,86,2,2,6,4,2,0,3.5,-1.5,-42.9,0.1,⚪ NORMAL
BHZ-CMP,CMP-BHZ,2026-04-22,4,14,6,137.57,40,0.15,0.14,34,34,51,43,14.0,37,0,0,0,0,0,0,0.0,0.0,,0.0,⚪ NORMAL
CMP-SJK,SJK-CMP,2026-04-20,2,12,7,36.47,46,0.15,0.11,39,48,52,50,14.0,43,0,0,0,1,0,0,0.3,-0.3,-100.0,0.1,⚪ NORMAL
CMP-SAO,SAO-CMP,2026-04-18,7,10,68,21.44,552,0.12,0.1,484,485,446,466,14.6,398,0,11,6,12,8,0,7.3,0.8,10.3,1.1,⚪ NORMAL
SAO-SJK,SAO-SJK,2026-04-19,1,11,23,20.68,184,0.13,0.12,161,184,131,158,14.6,135,0,1,5,4,4,0,2.5,1.5,60.0,0.7,⚪ NORMAL
SAO-SJK,SJK-SAO,2026-04-17,6,9,27,23.71,184,0.15,0.14,157,257,112,185,14.6,158,1,2,5,1,6,0,2.3,3.8,166.7,0.6,⚪ NORMAL
QDC-SAO,SAO-QDC,2026-04-22,4,14,4,119.4,45,0.09,0.08,41,32,21,27,14.8,23,0,0,0,2,1,0,0.5,0.5,100.0,0.3,⚪ NORMAL
BHZ-DTI,BHZ-DTI,2026-04-22,4,14,7,57.9,45,0.16,0.14,38,47,47,47,14.9,40,2,0,0,2,2,0,1.0,1.0,100.0,0.1,⚪ NORMAL
SAO-SJK,SAO-SJK,2026-04-17,6,9,26,21.9,184,0.14,0.13,158,227,121,174,14.9,148,1,1,2,10,3,0,3.5,-0.5,-14.3,0.9,⚪ NORMAL
IPA-VIX,VIX-IPA,2026-04-19,1,11,9,94.9,80,0.11,0.09,71,78,42,60,15.0,51,0,2,0,1,0,0,0.8,-0.8,-100.0,-0.1,⚪ NORMAL
BHZ-CMP,CMP-BHZ,2026-04-20,2,12,7,174.19,40,0.18,0.17,33,39,53,46,15.2,39,2,0,0,0,8,0,0.5,7.5,1500.0,0.8,⚪ NORMAL
SAO-SJK,SJK-SAO,2026-04-18,7,10,30,21.27,184,0.16,0.16,154,273,121,197,15.2,167,3,2,5,5,4,0,3.8,0.3,6.7,0.3,⚪ NORMAL
CMP-RIO,CMP-RIO,2026-04-22,4,14,10,77.2,44,0.23,0.21,34,68,62,65,15.4,55,0,0,0,0,2,0,0.0,2.0,,0.3,⚪ NORMAL
SAO-SJP,SAO-SJP,2026-04-20,2,12,45,97.06,314,0.14,0.13,269,285,301,293,15.4,248,6,5,0,9,4,0,5.0,-1.0,-20.0,0.0,⚪ NORMAL
BHZ-CMP,BHZ-CMP,2026-04-19,1,11,11,184.26,40,0.28,0.25,29,78,64,71,15.5,60,0,0,8,0,0,0,2.0,-2.0,-100.0,0.0,⚪ NORMAL
BHZ-MCE,BHZ-MCE,2026-04-19,1,11,5,109.5,45,0.11,0.08,40,36,27,32,15.6,27,0,0,0,2,1,0,0.5,0.5,100.0,0.3,⚪ NORMAL
SAO-SJK,SAO-SJK,2026-04-16,5,8,17,16.66,184,0.09,0.09,167,119,97,108,15.7,91,2,1,1,2,2,0,1.5,0.5,33.3,0.1,⚪ NORMAL
CPC-FLN,FLN-CPC,2026-04-19,1,11,39,148.0,248,0.16,0.13,209,265,227,246,15.9,207,0,0,6,4,10,0,2.5,7.5,300.0,1.6,⚪ NORMAL
CAB-VIX,CAB-VIX,2026-04-19,1,11,5,73.9,44,0.11,0.08,39,37,25,31,16.1,26,0,0,0,1,0,0,0.3,-0.3,-100.0,0.1,⚪ NORMAL
CGR-SAO,SAO-CGR,2026-04-19,1,11,13,155.9,120,0.11,0.1,107,83,76,80,16.3,67,3,0,3,3,0,0,2.3,-2.3,-100.0,-0.2,⚪ NORMAL
QAK-SAO,QAK-SAO,2026-04-19,1,11,7,138.76,60,0.12,0.09,53,44,41,43,16.3,36,0,0,3,0,3,0,0.8,2.3,300.0,0.4,⚪ NORMAL
SAO-SJK,SJK-SAO,2026-04-16,5,8,20,18.2,184,0.11,0.1,164,137,107,122,16.4,102,0,0,2,1,5,0,0.8,4.3,566.7,0.7,⚪ NORMAL
BHZ-MCL,MCL-BHZ,2026-04-18,7,10,15,86.3,128,0.12,0.12,113,83,99,91,16.5,76,0,0,3,0,12,0,0.8,11.3,1500.0,1.6,⚪ NORMAL
PNV-SAO,SAO-PNV,2026-04-19,1,11,5,139.7,44,0.11,0.11,39,28,32,30,16.7,25,0,0,0,3,0,0,0.8,-0.8,-100.0,0.2,⚪ NORMAL
RIO-STS,STS-RIO,2026-04-18,7,10,7,89.04,56,0.13,0.11,49,55,28,42,16.7,35,0,0,0,0,0,0,0.0,0.0,,0.0,⚪ NORMAL
SAO-SJK,SJK-SAO,2026-04-22,4,14,26,18.36,184,0.14,0.13,158,199,107,153,17.0,127,0,0,2,4,8,0,1.5,6.5,433.3,1.3,⚪ NORMAL
MCE-SAO,SAO-MCE,2026-04-21,3,13,6,109.23,44,0.14,0.13,38,40,30,35,17.1,29,0,0,0,1,4,0,0.3,3.8,1500.0,0.6,⚪ NORMAL
BAT-SAO,SAO-BAT,2026-04-22,4,14,17,84.78,91,0.19,0.16,74,103,92,98,17.3,81,0,0,0,0,6,0,0.0,6.0,,0.8,⚪ NORMAL
BAT-SAO,SAO-BAT,2026-04-19,1,11,21,86.52,136,0.15,0.14,115,124,117,121,17.4,100,1,1,0,2,5,0,1.0,4.0,400.0,0.6,⚪ NORMAL
BHZ-DTI,BHZ-DTI,2026-04-20,2,12,12,61.57,133,0.09,0.08,121,66,70,68,17.6,56,1,0,0,2,1,0,0.8,0.3,33.3,0.1,⚪ NORMAL
BHZ-IPA,BHZ-IPA,2026-04-20,2,12,31,60.8,315,0.1,0.08,284,175,177,176,17.6,145,0,2,0,4,7,0,1.5,5.5,366.7,1.1,⚪ NORMAL
BHZ-MCE,BHZ-MCE,2026-04-20,2,12,5,126.5,45,0.11,0.11,40,27,28,28,17.9,23,1,0,2,0,0,0,0.8,-0.8,-100.0,-0.1,⚪ NORMAL
BOA-MAN,BOA-MAN,2026-04-19,1,11,7,132.04,43,0.16,0.15,36,38,40,39,17.9,32,0,0,0,1,1,0,0.3,0.8,300.0,0.2,⚪ NORMAL
CRG-SAO,SAO-CRG,2026-04-20,2,12,20,63.85,228,0.09,0.07,208,111,113,112,17.9,92,0,2,0,2,4,0,1.0,3.0,300.0,0.5,⚪ NORMAL
RIO-VIX,VIX-RIO,2026-04-18,7,10,18,117.57,90,0.2,0.19,72,89,111,100,18.0,82,3,0,0,0,16,0,0.8,15.3,2033.3,1.7,⚪ NORMAL
BAT-SAO,BAT-SAO,2026-04-22,4,14,15,78.83,90,0.17,0.15,75,77,88,83,18.1,68,0,1,3,0,1,0,1.0,0.0,0.0,0.1,⚪ NORMAL
GVS-SAO,SAO-GVS,2026-04-19,1,11,10,132.5,56,0.18,0.15,46,58,51,55,18.2,45,0,0,0,0,15,0,0.0,15.0,,2.0,⚪ NORMAL
SAO-SJP,SAO-SJP,2026-04-18,7,10,51,87.14,233,0.22,0.16,182,286,272,279,18.3,228,4,0,2,5,4,0,2.8,1.3,45.5,0.3,⚪ NORMAL
BHZ-MCL,MCL-BHZ,2026-04-22,4,14,21,80.8,128,0.16,0.16,107,110,118,114,18.4,93,0,6,0,6,3,0,3.0,0.0,0.0,0.4,⚪ NORMAL
BHZ-CMP,CMP-BHZ,2026-04-19,1,11,12,168.4,43,0.28,0.26,31,69,60,65,18.5,53,4,0,0,0,2,0,1.0,1.0,100.0,-0.3,⚪ NORMAL
MCE-RIO,RIO-MCE,2026-04-20,2,12,13,33.9,46,0.28,0.26,33,75,64,70,18.6,57,0,0,0,1,1,0,0.3,0.8,300.0,0.2,⚪ NORMAL
CPC-FLN,FLN-CPC,2026-04-18,7,10,31,166.29,82,0.38,0.3,51,199,128,164,18.9,133,0,0,4,4,8,2,2.0,6.0,300.0,1.3,⚪ NORMAL
BHZ-IPA,IPA-BHZ,2026-04-18,7,10,41,60.66,269,0.15,0.12,228,211,219,215,19.1,174,1,2,4,4,8,0,2.8,5.3,190.9,1.1,⚪ NORMAL
SAO-UDI,SAO-UDI,2026-04-22,4,14,9,125.79,43,0.21,0.2,34,51,43,47,19.1,38,0,2,0,2,8,0,1.0,7.0,700.0,1.1,⚪ NORMAL
ARB-SAO,SAO-ARB,2026-04-18,7,10,14,118.69,99,0.14,0.12,85,62,81,72,19.4,58,0,0,0,2,0,0,0.5,-0.5,-100.0,0.1,⚪ NORMAL
BHZ-IPA,IPA-BHZ,2026-04-20,2,12,37,63.9,405,0.09,0.08,368,164,217,191,19.4,154,4,0,3,3,10,0,2.5,7.5,300.0,1.0,⚪ NORMAL
CDG-RIO,RIO-CDG,2026-04-18,7,10,19,55.64,92,0.21,0.21,73,136,60,98,19.4,79,1,1,3,1,0,0,1.5,-1.5,-100.0,-0.1,⚪ NORMAL
MCE-RIO,MCE-RIO,2026-04-17,6,9,19,51.58,90,0.21,0.19,71,140,56,98,19.4,79,4,2,0,1,4,0,1.8,2.3,128.6,-0.1,⚪ NORMAL
PAS-SAO,PAS-SAO,2026-04-22,4,14,8,65.53,46,0.17,0.16,38,48,33,41,19.5,33,0,0,0,0,1,0,0.0,1.0,,0.1,⚪ NORMAL
GVS-SAO,GVS-SAO,2026-04-22,4,14,12,153.48,56,0.21,0.17,44,65,56,61,19.7,49,0,0,0,15,3,0,3.8,-0.8,-20.0,1.4,⚪ NORMAL
MCL-SAO,SAO-MCL,2026-04-22,4,14,14,123.97,64,0.22,0.17,50,79,62,71,19.7,57,0,3,0,9,3,0,3.0,0.0,0.0,0.8,⚪ NORMAL
ARB-SAO,ARB-SAO,2026-04-19,1,11,24,121.65,159,0.15,0.13,135,117,125,121,19.8,97,3,7,0,2,5,0,3.0,2.0,66.7,-0.1,⚪ NORMAL
MCL-SAO,MCL-SAO,2026-04-19,1,11,16,125.53,64,0.25,0.15,48,88,71,80,20.0,64,0,0,0,0,15,0,0.0,15.0,,2.0,⚪ NORMAL
SAO-UDI,UDI-SAO,2026-04-19,1,11,11,133.9,43,0.26,0.25,32,58,52,55,20.0,44,2,2,0,0,0,0,1.0,-1.0,-100.0,-0.4,⚪ NORMAL
RIO-UDI,UDI-RIO,2026-04-19,1,11,12,144.98,56,0.21,0.18,44,58,59,59,20.3,47,0,0,0,0,3,0,0.0,3.0,,0.4,⚪ NORMAL
BOA-MAN,MAN-BOA,2026-04-19,1,11,9,128.01,42,0.21,0.21,33,47,41,44,20.5,35,0,1,1,2,1,0,1.0,0.0,0.0,0.2,⚪ NORMAL
CRG-SAO,SAO-CRG,2026-04-21,3,13,25,54.86,91,0.27,0.25,66,107,136,122,20.5,97,0,2,2,0,1,0,1.0,0.0,0.0,0.0,⚪ NORMAL
MCL-SAO,MCL-SAO,2026-04-22,4,14,17,120.84,64,0.27,0.2,47,93,72,83,20.5,66,0,0,0,3,3,0,0.8,2.3,300.0,0.6,⚪ NORMAL
CPC-FLN,CPC-FLN,2026-04-19,1,11,49,162.82,204,0.24,0.19,155,244,232,238,20.6,189,4,3,5,8,6,0,5.0,1.0,20.0,0.6,⚪ NORMAL
CPC-FLN,FLN-CPC,2026-04-22,4,14,40,128.65,122,0.33,0.28,82,223,164,194,20.6,154,9,0,21,12,12,0,10.5,1.5,14.3,1.2,⚪ NORMAL
CAB-VIX,VIX-CAB,2026-04-20,2,12,6,59.23,44,0.14,0.11,38,30,28,29,20.7,23,0,0,3,0,0,0,0.8,-0.8,-100.0,0.0,⚪ NORMAL
CDG-RIO,RIO-CDG,2026-04-17,6,9,25,67.1,92,0.27,0.26,67,166,76,121,20.7,96,1,3,4,1,4,0,2.3,1.8,77.8,0.3,⚪ NORMAL
MCE-RIO,MCE-RIO,2026-04-20,2,12,14,35.69,46,0.3,0.29,32,73,60,67,20.9,53,1,1,0,0,4,0,0.5,3.5,700.0,0.3,⚪ NORMAL
BHZ-CMP,CMP-BHZ,2026-04-18,7,10,8,153.4,40,0.2,0.17,32,29,46,38,21.1,30,0,0,0,2,4,0,0.5,3.5,700.0,0.7,⚪ NORMAL
IPA-VIX,IPA-VIX,2026-04-16,5,8,12,129.98,80,0.15,0.13,68,64,50,57,21.1,45,0,0,0,1,1,0,0.3,0.8,300.0,0.2,⚪ NORMAL
BOA-MAN,MAN-BOA,2026-04-18,7,10,7,111.47,43,0.16,0.16,36,23,42,33,21.2,26,2,0,0,2,0,0,1.0,-1.0,-100.0,-0.1,⚪ NORMAL
RIO-VIX,RIO-VIX,2026-04-19,1,11,38,112.72,172,0.22,0.2,134,159,197,178,21.3,140,1,3,0,4,5,0,2.0,3.0,150.0,0.6,⚪ NORMAL
CAB-SAO,SAO-CAB,2026-04-22,4,14,21,146.0,135,0.16,0.15,114,114,82,98,21.4,77,0,0,4,2,2,0,1.5,0.5,33.3,0.4,⚪ NORMAL
IPA-VIX,VIX-IPA,2026-04-20,2,12,12,99.48,41,0.29,0.25,29,60,51,56,21.4,44,1,0,0,0,0,0,0.3,-0.3,-100.0,-0.1,⚪ NORMAL
BHZ-RIO,BHZ-RIO,2026-04-20,2,12,51,97.04,289,0.18,0.17,238,217,257,237,21.5,186,2,1,8,5,5,0,4.0,1.0,25.0,0.7,⚪ NORMAL
IPA-VIX,VIX-IPA,2026-04-16,5,8,11,96.81,81,0.14,0.12,70,56,46,51,21.6,40,2,0,1,0,2,0,0.8,1.3,166.7,0.0,⚪ NORMAL
IPA-VIX,IPA-VIX,2026-04-21,3,13,13,117.59,41,0.32,0.26,28,65,55,60,21.7,47,0,0,1,4,0,0,1.3,-1.3,-100.0,0.3,⚪ NORMAL
BHZ-RAO,BHZ-RAO,2026-04-21,3,13,12,223.15,49,0.24,0.18,37,54,55,55,21.8,43,4,0,0,2,2,0,1.5,0.5,33.3,-0.1,⚪ NORMAL
CAB-RIO,CAB-RIO,2026-04-18,7,10,25,37.66,92,0.27,0.26,67,134,94,114,21.9,89,0,3,3,1,3,0,1.8,1.3,71.4,0.3,⚪ NORMAL
JDF-SAO,JDF-SAO,2026-04-22,4,14,14,111.33,166,0.08,0.07,152,70,58,64,21.9,50,0,0,3,3,3,0,1.5,1.5,100.0,0.6,⚪ NORMAL
CRG-SAO,CRG-SAO,2026-04-22,4,14,24,41.15,90,0.27,0.2,66,75,142,109,22.0,85,0,3,0,4,3,0,1.8,1.3,71.4,0.5,⚪ NORMAL
BHZ-RIO,BHZ-RIO,2026-04-18,7,10,52,125.78,188,0.28,0.26,136,271,199,235,22.1,183,3,9,9,18,12,0,9.8,2.3,23.1,1.8,⚪ NORMAL
BHZ-SAO,BHZ-SAO,2026-04-19,1,11,66,127.72,359,0.18,0.18,293,305,292,299,22.1,233,3,5,9,14,6,0,7.8,-1.8,-22.6,1.0,⚪ NORMAL
CDG-RIO,CDG-RIO,2026-04-19,1,11,19,48.64,92,0.21,0.2,73,86,86,86,22.1,67,0,2,0,1,6,0,0.8,5.3,700.0,0.7,⚪ NORMAL
BHZ-DTI,BHZ-DTI,2026-04-19,1,11,16,57.65,88,0.18,0.15,72,72,71,72,22.2,56,1,1,4,2,0,0,2.0,-2.0,-100.0,-0.1,⚪ NORMAL
BHZ-SJK,BHZ-SJK,2026-04-18,7,10,14,121.76,44,0.32,0.29,30,65,60,63,22.2,49,0,0,5,1,1,0,1.5,-0.5,-33.3,0.2,⚪ NORMAL
BRU-SAO,BRU-SAO,2026-04-20,2,12,6,53.4,42,0.14,0.14,36,27,26,27,22.2,21,0,4,0,1,0,0,1.3,-1.3,-100.0,-0.2,⚪ NORMAL
CDG-RIO,CDG-RIO,2026-04-18,7,10,22,54.35,92,0.24,0.24,70,122,73,98,22.4,76,1,2,2,1,1,0,1.5,-0.5,-33.3,-0.1,⚪ NORMAL
IPA-VIX,IPA-VIX,2026-04-18,7,10,13,91.13,40,0.33,0.26,27,56,59,58,22.4,45,0,0,5,0,1,0,1.3,-0.3,-20.0,0.1,⚪ NORMAL
IPA-VIX,VIX-IPA,2026-04-18,7,10,11,93.26,41,0.27,0.23,30,49,49,49,22.4,38,0,0,0,0,3,0,0.0,3.0,,0.4,⚪ NORMAL
BHZ-SJK,BHZ-SJK,2026-04-19,1,11,16,190.4,120,0.13,0.12,104,64,78,71,22.5,55,0,0,0,0,3,0,0.0,3.0,,0.4,⚪ NORMAL
CAB-SAO,SAO-CAB,2026-04-21,3,13,20,123.05,131,0.15,0.14,111,98,80,89,22.5,69,0,0,4,5,0,0,2.3,-2.3,-100.0,0.3,⚪ NORMAL
QDC-SAO,SAO-QDC,2026-04-18,7,10,7,124.33,45,0.16,0.14,38,32,29,31,22.6,24,0,1,0,0,3,0,0.3,2.8,1100.0,0.3,⚪ NORMAL
BHZ-CMP,BHZ-CMP,2026-04-22,4,14,10,140.5,43,0.23,0.21,33,40,48,44,22.7,34,0,0,0,4,0,0,1.0,-1.0,-100.0,0.3,⚪ NORMAL
PAS-SAO,PAS-SAO,2026-04-19,1,11,8,79.53,46,0.17,0.15,38,37,33,35,22.9,27,0,0,0,5,0,0,1.3,-1.3,-100.0,0.3,⚪ NORMAL
CRG-SAO,CRG-SAO,2026-04-18,7,10,23,37.68,184,0.13,0.11,161,98,102,100,23.0,77,0,0,0,3,1,0,0.8,0.3,33.3,0.3,⚪ NORMAL
GVS-SAO,GVS-SAO,2026-04-19,1,11,14,151.69,64,0.22,0.17,50,59,63,61,23.0,47,3,0,0,0,3,0,0.8,2.3,300.0,0.0,⚪ NORMAL
CAB-JDF,CAB-JDF,2026-04-19,1,11,21,64.57,92,0.23,0.21,71,96,85,91,23.1,70,0,0,1,1,5,0,0.5,4.5,900.0,0.7,⚪ NORMAL
CMP-RIO,CMP-RIO,2026-04-20,2,12,9,63.57,44,0.2,0.16,35,35,43,39,23.1,30,0,1,0,1,0,0,0.5,-0.5,-100.0,0.0,⚪ NORMAL
IPA-VIX,VIX-IPA,2026-04-22,4,14,15,84.1,81,0.19,0.15,66,65,65,65,23.1,50,1,0,5,1,1,0,1.8,-0.8,-42.9,0.1,⚪ NORMAL
CDG-RIO,RIO-CDG,2026-04-20,2,12,21,55.71,92,0.23,0.23,71,90,90,90,23.3,69,1,0,0,3,0,0,1.0,-1.0,-100.0,0.1,⚪ NORMAL
CMP-RIO,RIO-CMP,2026-04-18,7,10,10,71.9,60,0.17,0.17,50,47,38,43,23.3,33,0,0,0,0,3,0,0.0,3.0,,0.4,⚪ NORMAL
QDC-SAO,QDC-SAO,2026-04-19,1,11,7,114.9,45,0.16,0.13,38,26,33,30,23.3,23,0,0,0,0,0,0,0.0,0.0,,0.0,⚪ NORMAL
CGR-SAO,CGR-SAO,2026-04-19,1,11,20,152.35,120,0.17,0.16,100,72,98,85,23.5,65,0,0,3,3,6,0,1.5,4.5,300.0,1.0,⚪ NORMAL
MCL-SAO,SAO-MCL,2026-04-20,2,12,16,138.21,64,0.25,0.21,48,64,71,68,23.5,52,0,0,0,0,15,0,0.0,15.0,,2.0,⚪ NORMAL
PAS-SAO,SAO-PAS,2026-04-19,1,11,8,71.65,46,0.17,0.13,38,30,37,34,23.5,26,0,0,1,0,0,0,0.3,-0.3,-100.0,0.0,⚪ NORMAL
SAO-UDI,SAO-UDI,2026-04-19,1,11,14,142.76,43,0.33,0.32,29,64,53,59,23.7,45,4,4,4,2,2,0,3.5,-1.5,-42.9,-0.4,⚪ NORMAL
BOA-MAN,BOA-MAN,2026-04-17,6,9,11,175.9,43,0.26,0.26,32,39,53,46,23.9,35,0,0,0,0,0,0,0.0,0.0,,0.0,⚪ NORMAL
GYN-SAO,GYN-SAO,2026-04-19,1,11,11,123.72,60,0.18,0.15,49,49,42,46,23.9,35,3,0,0,0,6,0,0.8,5.3,700.0,0.4,⚪ NORMAL
BHZ-VIX,VIX-BHZ,2026-04-18,7,10,55,142.66,113,0.49,0.45,58,259,199,229,24.0,174,0,6,0,8,4,0,3.5,0.5,14.3,0.7,⚪ NORMAL
IPA-VIX,VIX-IPA,2026-04-17,6,9,19,111.11,80,0.24,0.19,61,82,76,79,24.1,60,0,0,2,7,1,0,2.3,-1.3,-55.6,0.6,⚪ NORMAL
MCL-RIO,MCL-RIO,2026-04-21,3,13,13,122.44,58,0.22,0.12,45,69,39,54,24.1,41,1,0,0,0,5,0,0.3,4.8,1900.0,0.5,⚪ NORMAL
SAO-VIX,SAO-VIX,2026-04-18,7,10,20,167.7,89,0.22,0.2,69,76,90,83,24.1,63,0,8,4,0,4,0,3.0,1.0,33.3,0.0,⚪ NORMAL
MCE-RIO,MCE-RIO,2026-04-19,1,11,23,31.99,90,0.26,0.23,67,97,93,95,24.2,72,0,1,0,0,1,0,0.3,0.8,300.0,0.1,⚪ NORMAL
RIO-VIX,VIX-RIO,2026-04-22,4,14,35,118.79,133,0.26,0.25,98,135,153,144,24.3,109,6,0,0,3,4,0,2.3,1.8,77.8,-0.1,⚪ NORMAL
BOA-MAN,MAN-BOA,2026-04-16,5,8,10,111.7,43,0.23,0.23,33,43,39,41,24.4,31,0,0,0,0,1,0,0.0,1.0,,0.1,⚪ NORMAL
BHZ-CMP,BHZ-CMP,2026-04-20,2,12,12,165.73,43,0.28,0.26,31,49,48,49,24.5,37,0,0,4,0,2,0,1.0,1.0,100.0,0.3,⚪ NORMAL
BHZ-DTI,DTI-BHZ,2026-04-18,7,10,12,74.9,42,0.29,0.23,30,50,48,49,24.5,37,2,0,2,0,0,0,1.0,-1.0,-100.0,-0.3,⚪ NORMAL
BHZ-RAO,RAO-BHZ,2026-04-16,5,8,12,230.73,49,0.24,0.19,37,47,50,49,24.5,37,0,0,2,0,2,0,0.5,1.5,300.0,0.3,⚪ NORMAL
CMP-SJK,CMP-SJK,2026-04-18,7,10,15,33.3,46,0.33,0.21,31,64,56,60,25.0,45,1,0,0,1,1,0,0.5,0.5,100.0,0.1,⚪ NORMAL
MCE-SAO,SAO-MCE,2026-04-19,1,11,7,118.76,44,0.16,0.15,37,26,30,28,25.0,21,0,0,0,2,0,0,0.5,-0.5,-100.0,0.1,⚪ NORMAL
MCL-RIO,MCL-RIO,2026-04-19,1,11,10,127.3,58,0.17,0.11,48,40,40,40,25.0,30,0,5,0,0,0,0,1.3,-1.3,-100.0,-0.3,⚪ NORMAL
PNV-SAO,PNV-SAO,2026-04-18,7,10,8,142.78,44,0.18,0.17,36,37,27,32,25.0,24,0,0,0,0,7,0,0.0,7.0,,0.9,⚪ NORMAL
PNV-SAO,SAO-PNV,2026-04-20,2,12,7,162.9,45,0.16,0.14,38,23,33,28,25.0,21,1,0,0,3,1,0,1.0,0.0,0.0,0.2,⚪ NORMAL
CAB-RIO,CAB-RIO,2026-04-17,6,9,36,36.79,184,0.2,0.18,148,172,114,143,25.2,107,4,3,0,8,4,0,3.8,0.3,6.7,0.3,⚪ NORMAL
RAO-RIO,RIO-RAO,2026-04-22,4,14,17,157.19,53,0.32,0.29,36,59,74,67,25.4,50,0,0,0,0,3,0,0.0,3.0,,0.4,⚪ NORMAL
SAO-UDI,SAO-UDI,2026-04-20,2,12,12,154.32,43,0.28,0.28,31,37,57,47,25.5,35,0,2,0,2,0,0,1.0,-1.0,-100.0,0.0,⚪ NORMAL
BHZ-DTI,DTI-BHZ,2026-04-19,1,11,23,66.16,133,0.17,0.14,110,93,85,89,25.8,66,0,0,2,2,7,0,1.0,6.0,600.0,1.1,⚪ NORMAL
CMP-GUR,GUR-CMP,2026-04-19,1,11,13,100.44,45,0.29,0.26,32,48,51,50,26.0,37,0,0,0,0,0,0,0.0,0.0,,0.0,⚪ NORMAL
BHZ-GYN,BHZ-GYN,2026-04-18,7,10,12,93.82,64,0.19,0.15,52,48,43,46,26.1,34,0,0,0,3,6,0,0.8,5.3,700.0,1.0,⚪ NORMAL
CRG-SAO,SAO-CRG,2026-04-19,1,11,35,51.84,228,0.15,0.14,193,118,149,134,26.1,99,0,3,0,3,6,0,1.5,4.5,300.0,0.8,⚪ NORMAL
BHZ-CMP,BHZ-CMP,2026-04-17,6,9,21,226.61,40,0.53,0.48,19,76,84,80,26.3,59,0,0,0,0,2,0,0.0,2.0,,0.3,⚪ NORMAL
CDG-RIO,RIO-CDG,2026-04-16,5,8,23,56.07,92,0.25,0.25,69,93,81,87,26.4,64,2,2,1,1,2,0,1.5,0.5,33.3,-0.1,⚪ NORMAL
SAO-UDI,UDI-SAO,2026-04-18,7,10,9,99.79,43,0.21,0.17,34,30,38,34,26.5,25,0,0,2,0,0,0,0.5,-0.5,-100.0,0.0,⚪ NORMAL
BHZ-DTI,BHZ-DTI,2026-04-16,5,8,11,56.63,46,0.24,0.22,35,43,39,41,26.8,30,1,2,1,2,2,0,1.5,0.5,33.3,0.1,⚪ NORMAL
BOA-MAN,BOA-MAN,2026-04-16,5,8,11,133.72,42,0.26,0.25,31,40,41,41,26.8,30,3,0,0,2,2,0,1.3,0.8,60.0,0.0,⚪ NORMAL
MCE-SAO,SAO-MCE,2026-04-18,7,10,11,94.08,44,0.25,0.24,33,45,37,41,26.8,30,2,0,0,1,1,0,0.8,0.3,33.3,-0.1,⚪ NORMAL
QDC-SAO,SAO-QDC,2026-04-21,3,13,10,89.6,42,0.24,0.12,32,31,42,37,27.0,27,0,1,0,1,0,0,0.5,-0.5,-100.0,0.0,⚪ NORMAL
JDF-SAO,SAO-JDF,2026-04-18,7,10,12,80.07,60,0.2,0.17,48,47,41,44,27.3,32,3,0,0,0,3,0,0.8,2.3,300.0,0.0,⚪ NORMAL
BHZ-RAO,RAO-BHZ,2026-04-22,4,14,11,192.35,49,0.22,0.18,38,44,36,40,27.5,29,0,0,2,2,2,0,1.0,1.0,100.0,0.4,⚪ NORMAL
BOA-MAN,MAN-BOA,2026-04-20,2,12,11,115.9,43,0.26,0.26,32,36,44,40,27.5,29,0,0,0,0,0,0,0.0,0.0,,0.0,⚪ NORMAL
CAB-RIO,RIO-CAB,2026-04-19,1,11,33,37.05,138,0.24,0.21,105,106,133,120,27.5,87,0,3,2,7,3,0,3.0,0.0,0.0,0.7,⚪ NORMAL
BHZ-MCE,MCE-BHZ,2026-04-19,1,11,8,159.78,45,0.18,0.16,37,28,29,29,27.6,21,1,0,2,1,0,0,1.0,-1.0,-100.0,-0.1,⚪ NORMAL
SAO-VIX,VIX-SAO,2026-04-19,1,11,29,159.45,145,0.2,0.16,116,102,107,105,27.6,76,2,0,1,11,1,1,3.5,-2.5,-71.4,0.6,⚪ NORMAL
CRG-SAO,CRG-SAO,2026-04-19,1,11,52,56.52,228,0.23,0.2,176,173,201,187,27.8,135,2,5,2,8,4,0,4.3,-0.3,-5.9,0.5,⚪ NORMAL
CMP-RIO,RIO-CMP,2026-04-17,6,9,23,107.38,44,0.52,0.49,21,72,91,82,28.0,59,0,0,0,0,1,0,0.0,1.0,,0.1,⚪ NORMAL
BHZ-IPA,BHZ-IPA,2026-04-16,5,8,54,66.47,313,0.17,0.15,259,196,187,192,28.1,138,3,2,0,3,9,0,2.0,7.0,350.0,0.9,⚪ NORMAL
ANG-BHZ,BHZ-ANG,2026-04-18,7,10,11,148.08,46,0.24,0.23,35,56,22,39,28.2,28,0,2,0,0,2,0,0.5,1.5,300.0,0.1,⚪ NORMAL
RIO-STS,STS-RIO,2026-04-22,4,14,11,99.17,56,0.2,0.19,45,46,32,39,28.2,28,0,0,0,0,9,0,0.0,9.0,,1.2,⚪ NORMAL
BHZ-RAO,RAO-BHZ,2026-04-20,2,12,12,179.07,49,0.24,0.18,37,34,49,42,28.6,30,0,0,2,0,6,0,0.5,5.5,1100.0,0.8,⚪ NORMAL
BHZ-BSB,BHZ-BSB,2026-04-19,1,11,11,140.54,91,0.12,0.12,80,35,40,38,28.9,27,0,0,0,0,2,0,0.0,2.0,,0.3,⚪ NORMAL
BOA-MAN,BOA-MAN,2026-04-22,4,14,11,143.99,42,0.26,0.26,31,33,42,38,28.9,27,0,0,0,0,1,0,0.0,1.0,,0.1,⚪ NORMAL
CDG-RIO,RIO-CDG,2026-04-19,1,11,25,49.34,92,0.27,0.27,67,80,92,86,29.1,61,0,0,3,7,2,0,2.5,-0.5,-20.0,0.7,⚪ NORMAL
CDG-RIO,CDG-RIO,2026-04-20,2,12,26,53.09,92,0.28,0.28,66,87,91,89,29.2,63,1,2,6,2,2,0,2.8,-0.8,-27.3,0.1,⚪ NORMAL
BAT-SAO,BAT-SAO,2026-04-21,3,13,28,85.69,46,0.61,0.48,18,68,121,95,29.5,67,5,1,2,1,0,0,2.3,-2.3,-100.0,-0.7,⚪ NORMAL
CMP-RIO,RIO-CMP,2026-04-22,4,14,18,99.84,60,0.3,0.27,42,52,69,61,29.5,43,3,0,0,6,0,0,2.3,-2.3,-100.0,0.0,⚪ NORMAL
BHZ-DTI,DTI-BHZ,2026-04-17,6,9,21,68.76,88,0.24,0.2,67,77,64,71,29.6,50,1,0,4,4,1,0,2.3,-1.3,-55.6,0.3,⚪ NORMAL
CGR-SAO,SAO-CGR,2026-04-22,4,14,24,144.32,120,0.2,0.19,96,77,85,81,29.6,57,0,3,3,0,9,0,1.5,7.5,500.0,1.0,⚪ NORMAL
ARB-SAO,ARB-SAO,2026-04-18,7,10,22,116.26,93,0.24,0.21,71,74,74,74,29.7,52,13,9,4,3,8,0,7.3,0.8,10.3,-1.1,⚪ NORMAL
BHZ-SJK,BHZ-SJK,2026-04-22,4,14,23,140.9,60,0.38,0.35,37,87,67,77,29.9,54,0,6,0,3,6,0,2.3,3.8,166.7,0.6,⚪ NORMAL
MCL-RIO,RIO-MCL,2026-04-22,4,14,15,116.37,58,0.26,0.21,43,65,35,50,30.0,35,0,0,0,1,0,0,0.3,-0.3,-100.0,0.1,⚪ NORMAL
RIO-STS,STS-RIO,2026-04-19,1,11,9,122.01,41,0.22,0.21,32,26,34,30,30.0,21,1,0,0,0,0,0,0.3,-0.3,-100.0,-0.1,⚪ NORMAL
RIO-UDI,UDI-RIO,2026-04-22,4,14,15,151.83,56,0.27,0.22,41,54,45,50,30.0,35,3,0,0,9,3,0,3.0,0.0,0.0,0.6,⚪ NORMAL
MCE-RIO,RIO-MCE,2026-04-18,7,10,27,33.09,90,0.3,0.27,63,99,78,89,30.3,62,1,1,1,1,6,0,1.0,5.0,500.0,0.7,⚪ NORMAL
BHZ-GYN,BHZ-GYN,2026-04-22,4,14,15,156.97,64,0.23,0.21,49,56,42,49,30.6,34,0,0,0,0,9,0,0.0,9.0,,1.2,⚪ NORMAL
PAS-SAO,PAS-SAO,2026-04-16,5,8,11,65.45,46,0.24,0.19,35,31,40,36,30.6,25,0,0,0,0,1,0,0.0,1.0,,0.1,⚪ NORMAL
SAO-VIX,SAO-VIX,2026-04-22,4,14,30,138.5,99,0.3,0.25,69,101,94,98,30.6,68,0,0,0,12,2,0,3.0,-1.0,-33.3,1.1,⚪ NORMAL
JDF-SAO,SAO-JDF,2026-04-19,1,11,20,116.1,166,0.12,0.1,146,64,65,65,30.8,45,0,3,3,3,3,0,2.3,0.8,33.3,0.4,⚪ NORMAL
PNV-SAO,SAO-PNV,2026-04-22,4,14,8,131.15,45,0.18,0.17,37,33,19,26,30.8,18,0,0,0,1,3,0,0.3,2.8,1100.0,0.5,⚪ NORMAL
BHZ-GYN,BHZ-GYN,2026-04-20,2,12,13,173.67,64,0.2,0.17,51,33,50,42,31.0,29,6,0,0,3,3,0,2.3,0.8,33.3,-0.2,⚪ NORMAL
SAO-UDI,UDI-SAO,2026-04-20,2,12,13,130.05,43,0.3,0.29,30,37,47,42,31.0,29,0,0,0,4,2,0,1.0,1.0,100.0,0.5,⚪ NORMAL
MCE-RIO,RIO-MCE,2026-04-19,1,11,29,30.49,90,0.32,0.29,61,105,80,93,31.2,64,5,3,0,5,4,0,3.3,0.8,23.1,0.0,⚪ NORMAL
BRU-SAO,SAO-BRU,2026-04-20,2,12,10,54.4,46,0.22,0.2,36,35,28,32,31.3,22,1,0,2,3,0,0,1.5,-1.5,-100.0,0.1,⚪ NORMAL
GYN-SAO,SAO-GYN,2026-04-19,1,11,16,140.03,60,0.27,0.21,44,52,50,51,31.4,35,3,0,0,3,3,0,1.5,1.5,100.0,0.2,⚪ NORMAL
RIO-STS,RIO-STS,2026-04-22,4,14,11,98.08,41,0.27,0.26,30,38,32,35,31.4,24,0,1,1,0,2,0,0.5,1.5,300.0,0.2,⚪ NORMAL
BAT-SAO,SAO-BAT,2026-04-21,3,13,28,115.51,90,0.31,0.29,62,69,108,89,31.5,61,3,2,1,1,1,0,1.8,-0.8,-42.9,-0.3,⚪ NORMAL
BHZ-SJK,SJK-BHZ,2026-04-22,4,14,29,150.0,60,0.48,0.48,31,91,93,92,31.5,63,0,0,0,0,0,0,0.0,0.0,,0.0,⚪ NORMAL
BOA-MAN,MAN-BOA,2026-04-17,6,9,14,161.83,42,0.33,0.33,28,35,52,44,31.8,30,0,0,0,0,0,0,0.0,0.0,,0.0,⚪ NORMAL
BHZ-DTI,BHZ-DTI,2026-04-21,3,13,15,54.37,42,0.36,0.29,27,45,48,47,31.9,32,0,0,3,1,4,0,1.0,3.0,300.0,0.6,⚪ NORMAL
BHZ-RAO,BHZ-RAO,2026-04-17,6,9,22,193.81,49,0.45,0.36,27,70,68,69,31.9,47,0,0,0,2,0,0,0.5,-0.5,-100.0,0.1,⚪ NORMAL
CAB-SAO,SAO-CAB,2026-04-18,7,10,34,192.49,47,0.72,0.71,13,90,121,106,32.1,72,0,4,0,2,0,0,1.5,-1.5,-100.0,-0.1,⚪ NORMAL
MCE-SAO,SAO-MCE,2026-04-20,2,12,9,89.79,44,0.2,0.2,35,21,34,28,32.1,19,0,3,0,1,0,0,1.0,-1.0,-100.0,-0.1,⚪ NORMAL
BHZ-UDI,BHZ-UDI,2026-04-20,2,12,32,120.03,101,0.32,0.28,69,83,114,99,32.3,67,0,5,0,3,3,0,2.0,1.0,50.0,0.3,⚪ NORMAL
CAB-RIO,CAB-RIO,2026-04-19,1,11,54,38.62,184,0.29,0.27,130,175,159,167,32.3,113,0,4,2,9,6,0,3.8,2.3,60.0,1.1,⚪ NORMAL
OLP-SAO,SAO-OLP,2026-04-21,3,13,21,73.61,46,0.46,0.35,25,71,58,65,32.3,44,0,0,1,5,2,0,1.5,0.5,33.3,0.6,⚪ NORMAL
QDC-SAO,SAO-QDC,2026-04-19,1,11,10,114.7,42,0.24,0.2,32,28,33,31,32.3,21,2,2,1,1,0,0,1.5,-1.5,-100.0,-0.3,⚪ NORMAL
CAB-RIO,CAB-RIO,2026-04-20,2,12,44,38.01,183,0.24,0.22,139,132,140,136,32.4,92,2,2,0,7,6,0,2.8,3.3,118.2,0.9,⚪ NORMAL
MCL-SAO,MCL-SAO,2026-04-18,7,10,24,142.23,64,0.38,0.26,40,89,59,74,32.4,50,3,3,6,3,6,0,3.8,2.3,60.0,0.4,⚪ NORMAL
OLP-SAO,SAO-OLP,2026-04-19,1,11,23,98.86,46,0.5,0.46,23,81,60,71,32.4,48,0,0,0,0,4,0,0.0,4.0,,0.5,⚪ NORMAL
MCE-SAO,MCE-SAO,2026-04-18,7,10,13,91.67,44,0.3,0.28,31,57,23,40,32.5,27,1,0,0,0,2,0,0.3,1.8,700.0,0.1,⚪ NORMAL
PAS-SAO,SAO-PAS,2026-04-21,3,13,13,60.13,46,0.28,0.21,33,40,39,40,32.5,27,0,0,0,3,1,0,0.8,0.3,33.3,0.3,⚪ NORMAL
RIO-STS,RIO-STS,2026-04-19,1,11,13,128.21,56,0.23,0.23,43,45,34,40,32.5,27,0,0,9,6,6,0,3.8,2.3,60.0,1.2,⚪ NORMAL
RIO-VIX,RIO-VIX,2026-04-22,4,14,41,119.83,136,0.3,0.29,95,134,118,126,32.5,85,12,3,4,17,9,0,9.0,0.0,0.0,0.5,⚪ NORMAL
BAT-SAO,BAT-SAO,2026-04-19,1,11,41,88.0,136,0.3,0.24,95,122,128,125,32.8,84,2,2,0,6,8,0,2.5,5.5,220.0,1.1,⚪ NORMAL
CAB-RIO,CAB-RIO,2026-04-21,3,13,44,56.56,90,0.49,0.46,46,118,147,133,33.1,89,2,0,5,4,0,0,2.8,-2.8,-100.0,0.0,⚪ NORMAL
RIO-VIX,VIX-RIO,2026-04-20,2,12,45,130.63,172,0.26,0.25,127,117,155,136,33.1,91,2,9,0,7,6,0,4.5,1.5,33.3,0.4,⚪ NORMAL
ARB-SAO,SAO-ARB,2026-04-19,1,11,37,124.31,153,0.24,0.21,116,110,111,111,33.3,74,0,2,0,8,7,0,2.5,4.5,180.0,1.3,⚪ NORMAL
BOA-MAN,BOA-MAN,2026-04-21,3,13,13,158.52,43,0.3,0.3,30,36,42,39,33.3,26,0,0,0,2,0,0,0.5,-0.5,-100.0,0.1,⚪ NORMAL
MCL-RIO,RIO-MCL,2026-04-19,1,11,13,144.28,60,0.22,0.12,47,26,52,39,33.3,26,3,0,3,0,6,0,1.5,4.5,300.0,0.4,⚪ NORMAL
PAS-SAO,SAO-PAS,2026-04-20,2,12,9,71.34,46,0.2,0.18,37,22,31,27,33.3,18,0,1,0,1,4,0,0.5,3.5,700.0,0.5,⚪ NORMAL
SAO-UDI,UDI-SAO,2026-04-22,4,14,13,147.75,43,0.3,0.3,30,36,42,39,33.3,26,0,0,2,6,0,0,2.0,-2.0,-100.0,0.4,⚪ NORMAL
CAB-JDF,CAB-JDF,2026-04-17,6,9,30,44.37,137,0.22,0.18,107,94,84,89,33.7,59,0,3,2,0,6,0,1.3,4.8,380.0,0.6,⚪ NORMAL
SAO-VIX,VIX-SAO,2026-04-21,3,13,47,199.62,145,0.32,0.26,98,128,149,139,33.8,92,6,0,2,0,7,0,2.0,5.0,250.0,0.1,⚪ NORMAL
BHZ-IPA,IPA-BHZ,2026-04-21,3,13,72,88.93,314,0.23,0.2,242,154,270,212,34.0,140,2,3,7,7,7,0,4.8,2.3,47.4,0.9,⚪ NORMAL
MCL-SAO,SAO-MCL,2026-04-17,6,9,30,142.27,64,0.47,0.34,34,101,75,88,34.1,58,0,0,6,3,12,0,2.3,9.8,433.3,1.8,⚪ NORMAL
QDC-SAO,QDC-SAO,2026-04-17,6,9,14,133.69,45,0.31,0.24,31,32,50,41,34.1,27,2,0,0,2,1,0,1.0,0.0,0.0,0.0,⚪ NORMAL
BOA-MAN,MAN-BOA,2026-04-21,3,13,13,155.44,42,0.31,0.3,29,29,46,38,34.2,25,1,1,0,1,2,0,0.8,1.3,166.7,0.1,⚪ NORMAL
ANG-BHZ,BHZ-ANG,2026-04-21,3,13,11,114.26,43,0.26,0.2,32,38,25,32,34.4,21,0,1,0,2,2,0,0.8,1.3,166.7,0.3,⚪ NORMAL
PAS-SAO,PAS-SAO,2026-04-18,7,10,11,61.08,46,0.24,0.2,35,41,22,32,34.4,21,0,1,0,0,2,0,0.3,1.8,700.0,0.2,⚪ NORMAL
QDC-SAO,QDC-SAO,2026-04-22,4,14,10,96.7,42,0.24,0.17,32,27,30,29,34.5,19,1,0,0,1,0,0,0.5,-0.5,-100.0,-0.1,⚪ NORMAL
SAO-UDI,SAO-UDI,2026-04-16,5,8,19,149.95,43,0.44,0.43,24,48,62,55,34.5,36,0,4,2,4,4,0,2.5,1.5,60.0,0.5,⚪ NORMAL
BAT-SAO,SAO-BAT,2026-04-20,2,12,24,76.9,91,0.26,0.23,67,56,81,69,34.8,45,1,0,4,2,1,0,1.8,-0.8,-42.9,0.1,⚪ NORMAL
MCE-RIO,MCE-RIO,2026-04-18,7,10,29,32.35,90,0.32,0.29,61,121,44,83,34.9,54,2,2,0,14,3,0,4.5,-1.5,-33.3,0.9,⚪ NORMAL
SAO-VIX,SAO-VIX,2026-04-20,2,12,34,170.58,145,0.23,0.18,111,91,103,97,35.1,63,0,12,6,0,4,0,4.5,-0.5,-11.1,-0.3,⚪ NORMAL
SAO-VIX,VIX-SAO,2026-04-22,4,14,45,145.7,145,0.31,0.24,100,129,126,128,35.2,83,0,1,4,3,2,0,2.0,0.0,0.0,0.4,⚪ NORMAL
BHZ-SJK,SJK-BHZ,2026-04-20,2,12,25,159.94,60,0.42,0.41,35,52,87,70,35.7,45,0,0,0,0,3,0,0.0,3.0,,0.4,⚪ NORMAL
CAB-JDF,CAB-JDF,2026-04-22,4,14,30,59.5,89,0.34,0.33,59,64,103,84,35.7,54,3,1,0,6,1,0,2.5,-1.5,-60.0,0.1,⚪ NORMAL
CMP-RIO,CMP-RIO,2026-04-21,3,13,27,100.34,60,0.45,0.44,33,58,92,75,36.0,48,0,0,0,0,0,0,0.0,0.0,,0.0,⚪ NORMAL
BRU-SAO,SAO-BRU,2026-04-19,1,11,22,65.81,88,0.25,0.22,66,57,64,61,36.1,39,2,0,0,1,0,0,0.8,-0.8,-100.0,-0.2,⚪ NORMAL
CAB-VIX,VIX-CAB,2026-04-19,1,11,13,82.36,52,0.25,0.2,39,34,38,36,36.1,23,0,0,0,0,3,0,0.0,3.0,,0.4,⚪ NORMAL
CAB-SAO,CAB-SAO,2026-04-22,4,14,35,145.56,131,0.27,0.25,96,94,98,96,36.5,61,0,0,0,6,1,0,1.5,-0.5,-33.3,0.5,⚪ NORMAL
QDC-SAO,SAO-QDC,2026-04-17,6,9,15,154.17,42,0.36,0.3,27,32,50,41,36.6,26,0,1,0,2,0,0,0.8,-0.8,-100.0,0.1,⚪ NORMAL
RAO-SAO,SAO-RAO,2026-04-21,3,13,177,73.14,514,0.34,0.29,337,397,570,484,36.6,307,29,11,18,22,21,0,20.0,1.0,5.0,-0.3,⚪ NORMAL
BAT-SAO,SAO-BAT,2026-04-16,5,8,36,80.65,136,0.26,0.24,100,95,100,98,36.7,62,4,1,5,0,8,0,2.5,5.5,220.0,0.5,⚪ NORMAL
BOA-MAN,BOA-MAN,2026-04-18,7,10,11,151.63,42,0.26,0.26,31,23,36,30,36.7,19,0,1,0,2,0,0,0.8,-0.8,-100.0,0.1,⚪ NORMAL
BOA-MAN,BOA-MAN,2026-04-20,2,12,18,173.51,42,0.43,0.42,24,44,53,49,36.7,31,0,0,0,0,0,0,0.0,0.0,,0.0,⚪ NORMAL
PNV-SAO,PNV-SAO,2026-04-19,1,11,11,126.35,45,0.24,0.2,34,29,31,30,36.7,19,0,2,0,0,1,0,0.5,0.5,100.0,0.0,⚪ NORMAL
BHZ-BSB,BSB-BHZ,2026-04-22,4,14,14,143.4,45,0.31,0.29,31,34,41,38,36.8,24,0,0,0,6,0,0,1.5,-1.5,-100.0,0.4,⚪ NORMAL
CAB-RIO,CAB-RIO,2026-04-16,5,8,37,35.09,138,0.27,0.25,101,81,118,100,37.0,63,0,0,0,5,4,0,1.3,2.8,220.0,0.9,⚪ NORMAL
BHZ-SAO,BHZ-SAO,2026-04-21,3,13,119,179.42,313,0.38,0.36,194,297,345,321,37.1,202,7,10,10,24,16,0,12.8,3.3,25.5,2.1,⚪ NORMAL
RAO-SAO,RAO-SAO,2026-04-16,5,8,148,62.22,524,0.28,0.23,376,389,409,399,37.1,251,11,19,15,16,19,0,15.3,3.8,24.6,0.9,⚪ NORMAL
CAB-RIO,RIO-CAB,2026-04-18,7,10,72,61.79,138,0.52,0.49,66,218,168,193,37.3,121,9,0,0,2,6,0,2.8,3.3,118.2,-0.3,⚪ NORMAL
SAO-SJP,SJP-SAO,2026-04-17,6,9,165,111.14,404,0.41,0.36,239,447,435,441,37.4,276,4,3,15,39,11,0,15.3,-4.3,-27.9,3.3,⚪ NORMAL
ANG-BHZ,BHZ-ANG,2026-04-19,1,11,12,130.9,43,0.28,0.24,31,31,32,32,37.5,20,0,0,1,0,0,0,0.3,-0.3,-100.0,0.0,⚪ NORMAL
CDG-RIO,CDG-RIO,2026-04-16,5,8,33,53.78,92,0.36,0.35,59,97,78,88,37.5,55,1,1,1,3,7,0,1.5,5.5,366.7,0.9,⚪ NORMAL
OLP-SAO,SAO-OLP,2026-04-20,2,12,12,77.15,46,0.26,0.2,34,25,39,32,37.5,20,5,0,0,0,0,0,1.3,-1.3,-100.0,-0.7,⚪ NORMAL
GVS-SAO,GVS-SAO,2026-04-21,3,13,23,146.73,64,0.36,0.21,41,67,54,61,37.7,38,0,0,0,6,24,0,1.5,22.5,1500.0,3.6,⚪ NORMAL
IPA-VIX,VIX-IPA,2026-04-21,3,13,26,134.48,40,0.65,0.5,14,57,81,69,37.7,43,0,3,1,1,1,0,1.3,-0.3,-20.0,0.0,⚪ NORMAL
CGR-SAO,SAO-CGR,2026-04-18,7,10,34,128.22,120,0.28,0.27,86,80,100,90,37.8,56,3,3,0,3,15,3,2.3,12.8,566.7,1.6,⚪ NORMAL
MCL-SAO,SAO-MCL,2026-04-16,5,8,28,134.97,64,0.44,0.31,36,78,69,74,37.8,46,3,6,0,6,3,0,3.8,-0.8,-20.0,0.0,⚪ NORMAL
BHZ-SJK,SJK-BHZ,2026-04-17,6,9,38,195.56,104,0.37,0.32,66,103,96,100,38.0,62,2,0,1,0,24,0,0.8,23.3,3100.0,2.9,⚪ NORMAL
RIO-UDI,UDI-RIO,2026-04-21,3,13,19,161.32,56,0.34,0.28,37,47,52,50,38.0,31,3,0,3,3,9,0,2.3,6.8,300.0,1.0,⚪ NORMAL
BHZ-GYN,GYN-BHZ,2026-04-19,1,11,21,122.9,64,0.33,0.25,43,53,56,55,38.2,34,3,0,0,0,6,0,0.8,5.3,700.0,0.4,⚪ NORMAL
BHZ-DTI,DTI-BHZ,2026-04-20,2,12,18,68.46,88,0.2,0.2,70,44,48,46,39.1,28,1,0,0,2,0,0,0.8,-0.8,-100.0,0.0,⚪ NORMAL
ARB-SAO,SAO-ARB,2026-04-20,2,12,39,133.23,99,0.39,0.38,60,71,127,99,39.4,60,0,0,2,3,0,0,1.3,-1.3,-100.0,0.2,⚪ NORMAL
PAS-SAO,SAO-PAS,2026-04-16,5,8,13,80.13,46,0.28,0.25,33,31,34,33,39.4,20,0,0,1,5,0,0,1.5,-1.5,-100.0,0.3,⚪ NORMAL
SAO-UDI,UDI-SAO,2026-04-17,6,9,30,178.83,43,0.7,0.67,13,73,79,76,39.5,46,0,0,0,0,0,0,0.0,0.0,,0.0,⚪ NORMAL
CAB-SAO,SAO-CAB,2026-04-19,1,11,38,127.08,131,0.29,0.28,93,83,108,96,39.6,58,0,8,0,5,3,0,3.3,-0.3,-7.7,0.2,⚪ NORMAL
SAO-UDI,SAO-UDI,2026-04-17,6,9,29,232.56,43,0.67,0.65,14,70,76,73,39.7,44,4,0,6,6,4,0,4.0,0.0,0.0,0.4,⚪ NORMAL
PNV-SAO,SAO-PNV,2026-04-18,7,10,12,151.48,45,0.27,0.24,33,31,29,30,40.0,18,0,0,0,2,1,0,0.5,0.5,100.0,0.3,⚪ NORMAL
QDC-SAO,QDC-SAO,2026-04-18,7,10,10,119.5,42,0.24,0.22,32,27,23,25,40.0,15,0,0,3,2,0,0,1.3,-1.3,-100.0,0.1,⚪ NORMAL
BHZ-UDI,UDI-BHZ,2026-04-16,5,8,48,130.88,101,0.48,0.46,53,119,118,119,40.3,71,6,6,6,16,6,0,8.5,-2.5,-29.4,0.7,⚪ NORMAL
CMP-RIO,RIO-CMP,2026-04-19,1,11,27,89.23,44,0.61,0.56,17,74,59,67,40.3,40,4,1,1,0,0,0,1.5,-1.5,-100.0,-0.6,⚪ NORMAL
QAK-SAO,QAK-SAO,2026-04-22,4,14,15,101.63,44,0.34,0.29,29,48,25,37,40.5,22,0,0,0,2,3,0,0.5,2.5,500.0,0.5,⚪ NORMAL
BAT-SAO,BAT-SAO,2026-04-17,6,9,63,119.71,136,0.46,0.42,73,152,157,155,40.6,92,0,2,2,3,8,0,1.8,6.3,357.1,1.1,⚪ NORMAL
MCE-SAO,MCE-SAO,2026-04-19,1,11,13,102.52,44,0.3,0.29,31,34,29,32,40.6,19,0,1,0,4,4,0,1.3,2.8,220.0,0.7,⚪ NORMAL
BHZ-CAB,BHZ-CAB,2026-04-22,4,14,108,173.0,193,0.56,0.54,85,283,247,265,40.8,157,0,4,0,0,10,0,1.0,9.0,900.0,1.1,⚪ NORMAL
QDC-SAO,SAO-QDC,2026-04-20,2,12,9,119.12,45,0.2,0.18,36,23,21,22,40.9,13,1,0,0,1,0,0,0.5,-0.5,-100.0,-0.1,⚪ NORMAL
BHZ-CMP,BHZ-CMP,2026-04-16,5,8,25,176.94,43,0.58,0.52,18,60,62,61,41.0,36,0,0,6,2,0,0,2.0,-2.0,-100.0,0.1,⚪ NORMAL
BHZ-CMP,BHZ-CMP,2026-04-18,7,10,16,136.34,43,0.37,0.34,27,32,45,39,41.0,23,4,4,0,0,4,0,2.0,2.0,100.0,-0.3,⚪ NORMAL
BHZ-CMP,CMP-BHZ,2026-04-17,6,9,32,219.93,43,0.74,0.67,11,68,87,78,41.0,46,0,0,2,0,0,0,0.5,-0.5,-100.0,0.0,⚪ NORMAL
BHZ-GYN,GYN-BHZ,2026-04-22,4,14,21,114.14,64,0.33,0.32,43,47,55,51,41.2,30,3,3,0,0,0,0,1.5,-1.5,-100.0,-0.6,⚪ NORMAL
BAT-SAO,BAT-SAO,2026-04-16,5,8,45,85.28,136,0.33,0.3,91,100,116,108,41.7,63,1,1,3,4,2,0,2.3,-0.3,-11.1,0.3,⚪ NORMAL
BHZ-VIX,VIX-BHZ,2026-04-22,4,14,130,161.19,211,0.62,0.57,81,282,342,312,41.7,182,2,0,0,5,10,0,1.8,8.3,471.4,1.4,⚪ NORMAL
GVS-SAO,SAO-GVS,2026-04-21,3,13,25,115.26,56,0.45,0.29,31,63,56,60,41.7,35,3,0,3,0,3,0,1.5,1.5,100.0,0.0,⚪ NORMAL
RIO-STS,STS-RIO,2026-04-21,3,13,15,115.5,41,0.37,0.35,26,39,32,36,41.7,21,0,0,0,1,2,0,0.3,1.8,700.0,0.3,⚪ NORMAL
CAB-JDF,JDF-CAB,2026-04-19,1,11,23,56.2,92,0.25,0.22,69,59,51,55,41.8,32,4,2,0,3,2,0,2.3,-0.3,-11.1,-0.2,⚪ NORMAL
MCL-SAO,MCL-SAO,2026-04-21,3,13,36,153.93,64,0.56,0.34,28,95,77,86,41.9,50,0,9,9,24,12,0,10.5,1.5,14.3,2.6,⚪ NORMAL
BHZ-CAB,CAB-BHZ,2026-04-18,7,10,64,119.46,102,0.63,0.58,38,186,117,152,42.1,88,8,3,9,6,9,0,6.5,2.5,38.5,0.3,⚪ NORMAL
BHZ-DTI,DTI-BHZ,2026-04-16,5,8,24,52.82,91,0.26,0.21,67,53,60,57,42.1,33,3,0,3,5,2,0,2.8,-0.8,-27.3,0.2,⚪ NORMAL
RIO-VIX,VIX-RIO,2026-04-16,5,8,75,139.46,177,0.42,0.4,102,152,201,177,42.4,102,4,0,0,4,9,0,2.0,7.0,350.0,0.9,⚪ NORMAL
MCE-SAO,MCE-SAO,2026-04-16,5,8,17,131.84,44,0.39,0.37,27,43,36,40,42.5,23,0,0,0,2,1,0,0.5,0.5,100.0,0.3,⚪ NORMAL
BHZ-GYN,GYN-BHZ,2026-04-18,7,10,20,137.9,64,0.31,0.27,44,56,37,47,42.6,27,0,0,3,0,3,0,0.8,2.3,300.0,0.4,⚪ NORMAL
CAB-SAO,SAO-CAB,2026-04-20,2,12,38,105.37,135,0.28,0.26,97,71,107,89,42.7,51,0,0,2,6,0,0,2.0,-2.0,-100.0,0.4,⚪ NORMAL
QDC-SAO,QDC-SAO,2026-04-21,3,13,15,145.97,45,0.33,0.3,30,27,42,35,42.9,20,0,0,1,0,0,0,0.3,-0.3,-100.0,0.0,⚪ NORMAL
BAT-SAO,SAO-BAT,2026-04-17,6,9,59,117.93,136,0.43,0.38,77,141,132,137,43.1,78,0,1,0,2,2,0,0.8,1.3,166.7,0.3,⚪ NORMAL
CAB-VIX,CAB-VIX,2026-04-16,5,8,16,75.9,44,0.36,0.33,28,39,35,37,43.2,21,2,2,1,1,2,0,1.5,0.5,33.3,-0.1,⚪ NORMAL
BAT-SAO,BAT-SAO,2026-04-20,2,12,39,91.75,136,0.29,0.27,97,72,108,90,43.3,51,0,1,6,0,3,0,1.8,1.3,71.4,0.3,⚪ NORMAL
OLP-SAO,SAO-OLP,2026-04-16,5,8,26,73.32,92,0.28,0.21,66,67,52,60,43.3,34,0,4,1,0,2,0,1.3,0.8,60.0,0.0,⚪ NORMAL
BHZ-MCE,BHZ-MCE,2026-04-21,3,13,10,139.5,45,0.22,0.22,35,13,33,23,43.5,13,0,0,0,2,1,0,0.5,0.5,100.0,0.3,⚪ NORMAL
IPA-VIX,IPA-VIX,2026-04-17,6,9,37,157.58,81,0.46,0.4,44,84,86,85,43.5,48,1,0,1,3,3,0,1.3,1.8,140.0,0.5,⚪ NORMAL
OLP-SAO,OLP-SAO,2026-04-21,3,13,24,139.69,46,0.52,0.48,22,50,59,55,43.6,31,0,1,2,0,0,0,0.8,-0.8,-100.0,-0.1,⚪ NORMAL
RAO-RIO,RIO-RAO,2026-04-19,1,11,21,177.57,53,0.4,0.35,32,48,48,48,43.8,27,0,0,0,9,6,0,2.3,3.8,166.7,1.4,⚪ NORMAL
BHZ-BSB,BSB-BHZ,2026-04-19,1,11,18,149.12,91,0.2,0.2,73,39,43,41,43.9,23,0,0,0,6,2,0,1.5,0.5,33.3,0.7,⚪ NORMAL
QDC-SAO,QDC-SAO,2026-04-20,2,12,11,130.9,42,0.26,0.23,31,21,28,25,44.0,14,0,0,0,2,5,0,0.5,4.5,900.0,0.8,⚪ NORMAL
ANG-BHZ,ANG-BHZ,2026-04-22,4,14,15,141.97,43,0.35,0.32,28,24,43,34,44.1,19,0,0,0,2,3,0,0.5,2.5,500.0,0.5,⚪ NORMAL
CPC-FLN,CPC-FLN,2026-04-20,2,12,71,142.94,248,0.29,0.25,177,149,172,161,44.1,90,11,6,24,16,14,0,14.3,-0.3,-1.8,1.1,⚪ NORMAL
CRG-SAO,CRG-SAO,2026-04-17,6,9,64,53.84,228,0.28,0.25,164,119,171,145,44.1,81,0,0,4,4,1,0,2.0,-1.0,-50.0,0.4,⚪ NORMAL
SAO-VIX,SAO-VIX,2026-04-21,3,13,50,176.8,145,0.34,0.28,95,97,129,113,44.2,63,0,0,0,2,0,0,0.5,-0.5,-100.0,0.1,⚪ NORMAL
OLP-SAO,OLP-SAO,2026-04-20,2,12,16,104.96,46,0.35,0.34,30,32,40,36,44.4,20,6,0,1,0,0,0,1.8,-1.8,-100.0,-0.8,⚪ NORMAL
CRG-SAO,CRG-SAO,2026-04-16,5,8,29,46.11,136,0.21,0.18,107,54,75,65,44.6,36,2,2,2,2,2,0,2.0,0.0,0.0,0.0,⚪ NORMAL
RIO-SAO,RIO-SAO,2026-04-22,4,14,238,122.82,622,0.38,0.37,384,507,559,533,44.7,295,35,23,51,36,41,2,36.3,4.8,13.1,1.7,⚪ NORMAL
ANG-BHZ,BHZ-ANG,2026-04-22,4,14,13,133.82,46,0.28,0.27,33,45,12,29,44.8,16,1,3,1,2,5,0,1.8,3.3,185.7,0.5,⚪ NORMAL
BHZ-BSB,BHZ-BSB,2026-04-18,7,10,9,141.9,45,0.2,0.2,36,12,27,20,45.0,11,0,0,0,0,4,0,0.0,4.0,,0.5,⚪ NORMAL
CAB-JDF,CAB-JDF,2026-04-16,5,8,9,48.23,45,0.2,0.18,36,26,13,20,45.0,11,0,0,2,0,0,0,0.5,-0.5,-100.0,0.0,⚪ NORMAL
BHZ-SJK,SJK-BHZ,2026-04-19,1,11,39,169.69,104,0.38,0.36,65,87,85,86,45.3,47,2,1,4,1,8,0,2.0,6.0,300.0,0.8,⚪ NORMAL
RIO-UDI,UDI-RIO,2026-04-20,2,12,24,149.19,56,0.43,0.38,32,51,55,53,45.3,29,12,6,0,0,3,0,4.5,-1.5,-33.3,-1.6,⚪ NORMAL
SAO-UDI,UDI-SAO,2026-04-16,5,8,24,155.94,43,0.56,0.54,19,52,53,53,45.3,29,0,0,0,2,0,0,0.5,-0.5,-100.0,0.1,⚪ NORMAL
BHZ-CMP,BHZ-CMP,2026-04-21,3,13,25,205.86,40,0.63,0.56,15,40,70,55,45.5,30,0,2,4,2,0,0,2.0,-2.0,-100.0,0.0,⚪ NORMAL
MCL-RIO,RIO-MCL,2026-04-17,6,9,30,104.9,58,0.52,0.29,28,87,45,66,45.5,36,4,0,4,3,4,0,2.8,1.3,45.5,0.2,⚪ NORMAL
ANG-BHZ,ANG-BHZ,2026-04-19,1,11,16,167.46,46,0.35,0.29,30,35,34,35,45.7,19,0,0,0,1,0,0,0.3,-0.3,-100.0,0.1,⚪ NORMAL
BHZ-RAO,BHZ-RAO,2026-04-20,2,12,16,123.15,60,0.27,0.2,44,33,37,35,45.7,19,0,9,6,12,6,3,6.8,-0.8,-11.1,1.0,⚪ NORMAL
ARB-SAO,ARB-SAO,2026-04-17,6,9,79,155.7,159,0.5,0.43,80,132,209,171,46.2,92,9,6,6,0,6,0,5.3,0.8,14.3,-0.8,⚪ NORMAL
QDC-SAO,QDC-SAO,2026-04-16,5,8,12,129.4,42,0.29,0.24,30,27,24,26,46.2,14,1,0,0,3,1,0,1.0,0.0,0.0,0.2,⚪ NORMAL
SAO-UDI,SAO-UDI,2026-04-18,7,10,18,128.12,43,0.42,0.4,25,45,32,39,46.2,21,2,0,2,0,6,0,1.0,5.0,500.0,0.5,⚪ NORMAL
BHZ-SJK,SJK-BHZ,2026-04-21,3,13,56,268.79,105,0.53,0.52,49,90,152,121,46.3,65,2,0,4,0,0,0,1.5,-1.5,-100.0,-0.3,⚪ NORMAL
BHZ-GYN,BHZ-GYN,2026-04-19,1,11,22,135.67,64,0.34,0.32,42,42,52,47,46.8,25,9,0,0,12,3,0,5.3,-2.3,-42.9,0.0,⚪ NORMAL
BHZ-CMP,CMP-BHZ,2026-04-21,3,13,23,201.2,43,0.53,0.47,20,29,69,49,46.9,26,0,0,2,2,6,0,1.0,5.0,500.0,0.9,⚪ NORMAL
RIO-STS,RIO-STS,2026-04-17,6,9,23,165.47,56,0.41,0.39,33,59,39,49,46.9,26,3,0,0,0,6,0,0.8,5.3,700.0,0.4,⚪ NORMAL
CMP-RIO,CMP-RIO,2026-04-18,7,10,25,78.5,44,0.57,0.5,19,53,53,53,47.2,28,0,1,0,6,2,0,1.8,0.3,14.3,0.6,⚪ NORMAL
RAO-RIO,RAO-RIO,2026-04-19,1,11,17,159.55,53,0.32,0.28,36,33,38,36,47.2,19,0,0,0,6,0,0,1.5,-1.5,-100.0,0.4,⚪ NORMAL
QAK-SAO,SAO-QAK,2026-04-16,5,8,18,135.34,44,0.41,0.35,26,38,38,38,47.4,20,0,1,0,0,3,0,0.3,2.8,1100.0,0.3,⚪ NORMAL
BRU-SAO,SAO-BRU,2026-04-17,6,9,28,58.44,88,0.32,0.26,60,57,60,59,47.5,31,7,2,1,1,2,0,2.8,-0.8,-27.3,-0.7,⚪ NORMAL
CAB-VIX,CAB-VIX,2026-04-21,3,13,20,120.35,44,0.45,0.45,24,37,47,42,47.6,22,0,0,0,1,0,0,0.3,-0.3,-100.0,0.1,⚪ NORMAL
PAS-SAO,PAS-SAO,2026-04-17,6,9,21,89.19,46,0.46,0.36,25,48,40,44,47.7,23,0,1,1,3,6,0,1.3,4.8,380.0,0.9,⚪ NORMAL
RIO-UDI,RIO-UDI,2026-04-22,4,14,33,209.57,56,0.59,0.53,23,64,73,69,47.8,36,0,3,3,0,0,0,1.5,-1.5,-100.0,-0.2,⚪ NORMAL
MCL-RIO,MCL-RIO,2026-04-17,6,9,35,216.3,60,0.58,0.34,25,74,71,73,47.9,38,0,0,3,6,0,0,2.3,-2.3,-100.0,0.4,⚪ NORMAL
RIO-UDI,UDI-RIO,2026-04-18,7,10,25,149.46,56,0.45,0.39,31,45,58,52,48.1,27,0,0,6,0,0,0,1.5,-1.5,-100.0,0.0,⚪ NORMAL
RIO-STS,RIO-STS,2026-04-16,5,8,16,110.84,41,0.39,0.37,25,33,32,33,48.5,17,0,1,3,0,2,0,1.0,1.0,100.0,0.2,⚪ NORMAL
CAB-VIX,VIX-CAB,2026-04-21,3,13,18,65.07,52,0.35,0.25,34,36,37,37,48.6,19,3,0,0,1,1,0,1.0,0.0,0.0,-0.2,⚪ NORMAL
BHZ-CAB,CAB-BHZ,2026-04-19,1,11,129,151.75,237,0.54,0.5,108,316,212,264,48.9,135,8,16,0,6,9,0,7.5,1.5,20.0,-0.5,⚪ NORMAL
QAK-SAO,SAO-QAK,2026-04-21,3,13,23,128.9,44,0.52,0.38,21,49,45,47,48.9,24,5,1,0,1,0,0,1.8,-1.8,-100.0,-0.7,⚪ NORMAL
BHZ-GYN,BHZ-GYN,2026-04-16,5,8,28,163.15,64,0.44,0.39,36,50,63,57,49.1,29,0,0,0,0,0,0,0.0,0.0,,0.0,⚪ NORMAL
CAB-SAO,CAB-SAO,2026-04-19,1,11,65,146.45,135,0.48,0.46,70,141,122,132,49.2,67,1,0,2,6,6,0,2.3,3.8,166.7,1.1,⚪ NORMAL
GVS-SAO,GVS-SAO,2026-04-16,5,8,31,145.9,64,0.48,0.39,33,60,66,63,49.2,32,0,0,0,9,12,0,2.3,9.8,433.3,2.2,⚪ NORMAL
CAB-JDF,JDF-CAB,2026-04-18,7,10,27,66.16,45,0.6,0.5,18,63,45,54,50.0,27,5,8,4,4,3,0,5.3,-2.3,-42.9,-0.5,⚪ NORMAL
GVS-SAO,SAO-GVS,2026-04-20,2,12,26,122.09,64,0.41,0.31,38,46,57,52,50.0,26,0,0,0,9,12,0,2.3,9.8,433.3,2.2,⚪ NORMAL
PAS-SAO,PAS-SAO,2026-04-20,2,12,14,74.9,46,0.3,0.27,32,28,28,28,50.0,14,0,0,1,0,1,0,0.3,0.8,300.0,0.1,⚪ NORMAL
RAO-RIO,RAO-RIO,2026-04-22,4,14,22,139.17,53,0.42,0.37,31,42,46,44,50.0,22,0,0,6,0,6,0,1.5,4.5,300.0,0.8,⚪ NORMAL
RAO-RIO,RIO-RAO,2026-04-17,6,9,31,211.16,53,0.58,0.53,22,60,64,62,50.0,31,0,3,6,0,3,0,2.3,0.8,33.3,0.2,⚪ NORMAL
OLP-SAO,SAO-OLP,2026-04-17,6,9,33,153.63,46,0.72,0.68,13,61,69,65,50.8,32,6,2,0,2,0,0,2.5,-2.5,-100.0,-0.8,⚪ NORMAL
CRG-SAO,SAO-CRG,2026-04-16,5,8,56,49.1,182,0.31,0.27,126,75,145,110,50.9,54,5,0,2,8,2,0,3.8,-1.8,-46.7,0.1,⚪ NORMAL
SAO-VIX,VIX-SAO,2026-04-17,6,9,79,203.7,145,0.54,0.45,66,148,161,155,51.0,76,6,3,4,9,4,0,5.5,-1.5,-27.3,0.1,⚪ NORMAL
CGR-SAO,CGR-SAO,2026-04-22,4,14,45,156.12,120,0.38,0.36,75,81,95,88,51.1,43,3,0,3,24,9,3,7.5,1.5,20.0,2.4,⚪ NORMAL
BHZ-BSB,BHZ-BSB,2026-04-22,4,14,22,176.58,45,0.49,0.49,23,39,47,43,51.2,21,4,0,0,2,10,0,1.5,8.5,566.7,0.9,⚪ NORMAL
RIO-VIX,VIX-RIO,2026-04-17,6,9,118,157.28,175,0.67,0.65,57,204,256,230,51.3,112,8,0,14,48,19,0,17.5,1.5,8.6,4.7,⚪ NORMAL
BHZ-MCE,MCE-BHZ,2026-04-16,5,8,16,127.4,45,0.36,0.32,29,32,30,31,51.6,15,2,0,2,0,3,0,1.0,2.0,200.0,0.1,⚪ NORMAL
BHZ-GYN,GYN-BHZ,2026-04-21,3,13,29,177.49,64,0.45,0.41,35,44,68,56,51.8,27,0,0,0,0,0,0,0.0,0.0,,0.0,⚪ NORMAL
PAS-SAO,SAO-PAS,2026-04-17,6,9,27,113.68,46,0.59,0.55,19,49,54,52,51.9,25,3,1,2,3,6,0,2.3,3.8,166.7,0.5,⚪ NORMAL
MCE-SAO,MCE-SAO,2026-04-17,6,9,26,154.75,44,0.59,0.58,18,65,34,50,52.0,24,0,3,2,0,2,0,1.3,0.8,60.0,0.1,⚪ NORMAL
MCL-RIO,RIO-MCL,2026-04-21,3,13,38,181.4,60,0.63,0.37,22,65,80,73,52.1,35,0,0,3,12,3,0,3.8,-0.8,-20.0,1.2,⚪ NORMAL
BHZ-BSB,BSB-BHZ,2026-04-18,7,10,12,131.23,45,0.27,0.26,33,15,31,23,52.2,11,2,0,0,6,2,0,2.0,0.0,0.0,0.4,⚪ NORMAL
PAS-SAO,PAS-SAO,2026-04-21,3,13,23,104.9,46,0.5,0.48,23,45,43,44,52.3,21,2,1,1,5,2,0,2.3,-0.3,-11.1,0.3,⚪ NORMAL
BHZ-MCL,MCL-BHZ,2026-04-17,6,9,91,100.95,256,0.36,0.35,165,176,170,173,52.6,82,21,6,39,27,18,3,23.3,-5.3,-22.6,1.0,⚪ NORMAL
BHZ-VIX,VIX-BHZ,2026-04-16,5,8,115,134.47,261,0.44,0.42,146,230,206,218,52.8,103,4,6,21,6,10,0,9.3,0.8,8.1,0.8,⚪ NORMAL
RIO-STS,RIO-STS,2026-04-20,2,12,19,133.58,41,0.46,0.43,22,31,40,36,52.8,17,2,0,1,0,1,0,0.8,0.3,33.3,-0.1,⚪ NORMAL
BHZ-BSB,BHZ-BSB,2026-04-20,2,12,18,190.57,91,0.2,0.2,73,30,38,34,52.9,16,0,6,4,2,2,0,3.0,-1.0,-33.3,0.0,⚪ NORMAL
MCE-RIO,RIO-MCE,2026-04-17,6,9,53,46.33,90,0.59,0.52,37,109,90,100,53.0,47,1,2,4,1,8,0,2.0,6.0,300.0,0.9,⚪ NORMAL
MCE-SAO,MCE-SAO,2026-04-21,3,13,17,134.96,44,0.39,0.37,27,25,38,32,53.1,15,3,0,1,0,1,0,1.0,0.0,0.0,-0.3,⚪ NORMAL
PNV-SAO,SAO-PNV,2026-04-16,5,8,17,145.61,45,0.38,0.33,28,27,36,32,53.1,15,0,2,0,2,2,0,1.0,1.0,100.0,0.3,⚪ NORMAL
JDF-SAO,JDF-SAO,2026-04-20,2,12,29,86.04,102,0.28,0.24,73,51,56,54,53.7,25,0,6,3,1,5,0,2.5,2.5,100.0,0.3,⚪ NORMAL
JDF-SAO,JDF-SAO,2026-04-17,6,9,49,125.84,102,0.48,0.41,53,92,90,91,53.8,42,0,12,6,10,6,0,7.0,-1.0,-14.3,0.7,⚪ NORMAL
CAB-SAO,CAB-SAO,2026-04-16,5,8,55,134.1,133,0.41,0.38,78,85,118,102,53.9,47,0,4,2,4,3,0,2.5,0.5,20.0,0.4,⚪ NORMAL
BHZ-MCE,MCE-BHZ,2026-04-17,6,9,24,175.98,45,0.53,0.5,21,42,46,44,54.5,20,0,0,0,4,1,0,1.0,0.0,0.0,0.4,⚪ NORMAL
BHZ-BSB,BSB-BHZ,2026-04-21,3,13,22,207.76,45,0.49,0.48,23,34,45,40,55.0,18,0,0,2,4,2,0,1.5,0.5,33.3,0.5,⚪ NORMAL
CMP-RIO,RIO-CMP,2026-04-21,3,13,51,160.43,88,0.58,0.56,37,51,132,92,55.4,41,1,0,1,2,1,0,1.0,0.0,0.0,0.1,⚪ NORMAL
BHZ-MCE,MCE-BHZ,2026-04-20,2,12,15,130.63,45,0.33,0.29,30,22,31,27,55.6,12,0,0,0,2,3,0,0.5,2.5,500.0,0.5,⚪ NORMAL
CAB-SAO,CAB-SAO,2026-04-17,6,9,69,157.87,133,0.52,0.48,64,120,125,123,56.1,54,4,2,1,8,3,0,3.8,-0.8,-20.0,0.3,⚪ NORMAL
RIO-STS,STS-RIO,2026-04-17,6,9,41,196.02,41,1.0,0.95,0,77,69,73,56.2,32,0,0,4,0,0,0,1.0,-1.0,-100.0,0.0,⚪ NORMAL
SAO-VIX,VIX-SAO,2026-04-20,2,12,67,172.59,145,0.46,0.4,78,87,150,119,56.3,52,1,4,2,3,10,0,2.5,7.5,300.0,1.1,⚪ NORMAL
BHZ-DTI,BHZ-DTI,2026-04-18,7,10,31,92.25,46,0.67,0.6,15,53,56,55,56.4,24,0,2,0,1,6,0,0.8,5.3,700.0,0.7,⚪ NORMAL
RIO-VIX,RIO-VIX,2026-04-21,3,13,91,150.98,172,0.53,0.51,81,128,191,160,56.9,69,8,0,23,67,26,0,24.5,1.5,6.1,6.9,⚪ NORMAL
BHZ-DTI,DTI-BHZ,2026-04-21,3,13,27,62.05,91,0.3,0.26,64,45,48,47,57.4,20,4,5,3,3,6,0,3.8,2.3,60.0,0.1,⚪ NORMAL
BHZ-MCE,BHZ-MCE,2026-04-16,5,8,19,159.69,45,0.42,0.38,26,31,34,33,57.6,14,3,0,0,2,4,0,1.3,2.8,220.0,0.3,⚪ NORMAL
BHZ-SAO,SAO-BHZ,2026-04-20,2,12,135,119.65,404,0.33,0.32,269,166,302,234,57.7,99,9,6,15,32,15,0,15.5,-0.5,-3.2,2.5,⚪ NORMAL
CMP-GUR,GUR-CMP,2026-04-20,2,12,11,108.81,45,0.24,0.21,34,32,6,19,57.9,8,0,2,0,0,3,0,0.5,2.5,500.0,0.3,⚪ NORMAL
RAO-RIO,RAO-RIO,2026-04-21,3,13,18,118.62,53,0.34,0.3,35,25,37,31,58.1,13,0,0,0,0,3,0,0.0,3.0,,0.4,⚪ NORMAL
SAO-VIX,SAO-VIX,2026-04-17,6,9,85,204.08,145,0.59,0.52,60,116,174,145,58.6,60,1,3,4,2,5,0,2.5,2.5,100.0,0.5,⚪ NORMAL
RIO-UDI,RIO-UDI,2026-04-20,2,12,33,198.45,56,0.59,0.52,23,52,60,56,58.9,23,0,0,0,9,0,0,2.3,-2.3,-100.0,0.6,⚪ NORMAL
BHZ-CAB,CAB-BHZ,2026-04-22,4,14,154,159.97,274,0.56,0.54,120,202,317,260,59.2,106,2,1,0,12,6,0,3.8,2.3,60.0,1.3,⚪ NORMAL
RIO-UDI,RIO-UDI,2026-04-18,7,10,32,148.68,56,0.57,0.5,24,64,44,54,59.3,22,3,0,0,0,33,0,0.8,32.3,4300.0,4.0,⚪ NORMAL
BHZ-GYN,GYN-BHZ,2026-04-16,5,8,34,122.31,64,0.53,0.44,30,58,56,57,59.6,23,9,6,0,6,6,0,5.3,0.8,14.3,-0.4,⚪ NORMAL
BHZ-GYN,BHZ-GYN,2026-04-17,6,9,42,169.45,64,0.66,0.59,22,63,76,70,60.0,28,0,9,9,0,3,0,4.5,-1.5,-33.3,-0.2,⚪ NORMAL
BHZ-GYN,BHZ-GYN,2026-04-21,3,13,36,130.46,64,0.56,0.5,28,51,68,60,60.0,24,9,9,0,15,6,0,8.3,-2.3,-27.3,0.0,⚪ NORMAL
BRU-SAO,SAO-BRU,2026-04-18,7,10,18,71.68,42,0.43,0.4,24,37,23,30,60.0,12,3,2,0,0,2,0,1.3,0.8,60.0,-0.3,⚪ NORMAL
QAK-SAO,QAK-SAO,2026-04-21,3,13,33,171.96,60,0.55,0.49,27,46,64,55,60.0,22,0,0,0,3,15,0,0.8,14.3,1900.0,2.2,⚪ NORMAL
RIO-UDI,UDI-RIO,2026-04-16,5,8,39,227.95,56,0.7,0.63,17,60,70,65,60.0,26,3,3,0,0,0,0,1.5,-1.5,-100.0,-0.6,⚪ NORMAL
CMP-RIO,CMP-RIO,2026-04-16,5,8,41,150.22,44,0.93,0.85,3,57,78,68,60.3,27,0,0,0,1,1,1,0.3,0.8,300.0,0.2,⚪ NORMAL
MCL-RIO,MCL-RIO,2026-04-16,5,8,35,130.01,58,0.6,0.42,23,49,66,58,60.3,23,2,0,0,3,4,0,1.3,2.8,220.0,0.5,⚪ NORMAL
CAB-SAO,SAO-CAB,2026-04-17,6,9,134,227.97,178,0.75,0.72,44,162,280,221,60.6,87,5,2,1,3,2,0,2.8,-0.8,-27.3,-0.3,⚪ NORMAL
ANG-BHZ,BHZ-ANG,2026-04-20,2,12,17,148.19,46,0.37,0.33,29,21,35,28,60.7,11,0,1,2,0,0,0,0.8,-0.8,-100.0,-0.1,⚪ NORMAL
BHZ-VIX,VIX-BHZ,2026-04-20,2,12,161,233.45,256,0.63,0.59,95,216,309,263,61.2,102,4,0,8,5,5,0,4.3,0.8,17.6,0.5,⚪ NORMAL
CGR-SAO,SAO-CGR,2026-04-17,6,9,70,179.59,120,0.58,0.55,50,97,129,113,61.9,43,3,0,0,6,3,0,2.3,0.8,33.3,0.4,⚪ NORMAL
MCE-SAO,SAO-MCE,2026-04-17,6,9,28,155.76,44,0.64,0.61,16,49,40,45,62.2,17,2,1,2,0,1,0,1.3,-0.3,-20.0,-0.2,⚪ NORMAL
CMP-GUR,CMP-GUR,2026-04-20,2,12,15,85.17,90,0.17,0.13,75,27,21,24,62.5,9,0,0,2,6,2,0,2.0,0.0,0.0,0.7,⚪ NORMAL
BHZ-SJK,BHZ-SJK,2026-04-20,2,12,37,163.85,60,0.62,0.53,23,46,70,58,63.8,21,15,3,9,3,9,0,7.5,1.5,20.0,-0.8,⚪ NORMAL
CMP-RIO,RIO-CMP,2026-04-20,2,12,37,125.63,60,0.62,0.59,23,35,80,58,63.8,21,0,0,0,0,0,0,0.0,0.0,,0.0,⚪ NORMAL
RIO-STS,RIO-STS,2026-04-21,3,13,32,169.37,56,0.57,0.54,24,39,60,50,64.0,18,3,0,0,6,0,0,2.3,-2.3,-100.0,0.0,⚪ NORMAL
MCE-SAO,MCE-SAO,2026-04-20,2,12,20,116.9,44,0.45,0.44,24,29,33,31,64.5,11,2,3,3,0,0,0,2.0,-2.0,-100.0,-0.5,⚪ NORMAL
BHZ-MCE,MCE-BHZ,2026-04-22,4,14,15,123.7,45,0.33,0.28,30,16,30,23,65.2,8,2,2,3,0,0,0,1.8,-1.8,-100.0,-0.4,⚪ NORMAL
BRU-SAO,BRU-SAO,2026-04-18,7,10,17,62.19,46,0.37,0.33,29,12,40,26,65.4,9,0,1,0,1,2,0,0.5,1.5,300.0,0.3,⚪ NORMAL
CGR-SAO,SAO-CGR,2026-04-16,5,8,58,150.61,120,0.48,0.46,62,73,102,88,65.9,30,6,6,6,9,9,0,6.8,2.3,33.3,0.6,⚪ NORMAL
BHZ-CAB,CAB-BHZ,2026-04-21,3,13,223,286.78,485,0.46,0.45,262,233,440,337,66.2,114,9,6,13,56,15,0,21.0,-6.0,-28.6,4.1,⚪ NORMAL
BRU-SAO,BRU-SAO,2026-04-17,6,9,38,72.64,88,0.43,0.39,50,37,77,57,66.7,19,0,0,1,1,6,0,0.5,5.5,1100.0,0.9,⚪ NORMAL
BRU-SAO,SAO-BRU,2026-04-21,3,13,10,69.3,88,0.11,0.1,78,3,27,15,66.7,5,0,0,0,0,6,0,0.0,6.0,,0.8,⚪ NORMAL
QDC-SAO,SAO-QDC,2026-04-16,5,8,20,155.05,45,0.44,0.4,25,26,34,30,66.7,10,1,1,0,2,3,0,1.0,2.0,200.0,0.3,⚪ NORMAL
RIO-UDI,UDI-RIO,2026-04-17,6,9,55,289.74,101,0.54,0.45,46,56,107,82,67.1,27,0,1,5,5,2,0,2.8,-0.8,-27.3,0.5,⚪ NORMAL
QAK-SAO,QAK-SAO,2026-04-20,2,12,25,151.7,44,0.57,0.51,19,30,44,37,67.6,12,1,1,2,6,0,0,2.5,-2.5,-100.0,0.2,⚪ NORMAL
RIO-UDI,RIO-UDI,2026-04-21,3,13,59,224.58,101,0.58,0.45,42,65,108,87,67.8,28,0,2,0,1,1,0,0.8,0.3,33.3,0.1,⚪ NORMAL
CRG-SAO,SAO-CRG,2026-04-18,7,10,132,77.69,228,0.58,0.5,96,141,247,194,68.0,62,7,4,16,12,8,0,9.8,-1.8,-17.9,0.7,⚪ NORMAL
MCE-SAO,MCE-SAO,2026-04-22,4,14,17,96.96,44,0.39,0.38,27,24,26,25,68.0,8,0,0,0,1,1,0,0.3,0.8,300.0,0.2,⚪ NORMAL
PNV-SAO,PNV-SAO,2026-04-16,5,8,17,153.43,44,0.39,0.32,27,30,19,25,68.0,8,1,0,1,4,5,0,1.5,3.5,233.3,0.8,⚪ NORMAL
CAB-VIX,VIX-CAB,2026-04-17,6,9,35,159.84,44,0.8,0.76,9,47,54,51,68.6,16,1,0,2,1,1,0,1.0,0.0,0.0,0.1,⚪ NORMAL
MCE-SAO,SAO-MCE,2026-04-16,5,8,24,121.73,44,0.55,0.53,20,42,27,35,68.6,11,1,2,1,0,3,0,1.0,2.0,200.0,0.1,⚪ NORMAL
ANG-BHZ,ANG-BHZ,2026-04-18,7,10,16,147.28,43,0.37,0.35,27,36,9,23,69.6,7,0,1,0,1,0,0,0.5,-0.5,-100.0,0.0,⚪ NORMAL
JDF-SAO,SAO-JDF,2026-04-17,6,9,65,164.48,184,0.35,0.32,119,81,105,93,69.9,28,3,15,15,18,15,0,12.8,2.3,17.6,1.8,⚪ NORMAL
PNV-SAO,SAO-PNV,2026-04-21,3,13,22,169.22,44,0.5,0.44,22,32,29,31,71.0,9,0,1,0,6,4,0,1.8,2.3,128.6,0.9,⚪ NORMAL
BHZ-SJK,BHZ-SJK,2026-04-17,6,9,100,283.57,165,0.61,0.58,65,108,170,139,71.9,39,0,1,3,0,4,0,1.0,3.0,300.0,0.5,⚪ NORMAL
CRG-SAO,SAO-CRG,2026-04-17,6,9,151,65.37,228,0.66,0.56,77,160,257,209,72.2,58,12,10,8,15,14,0,11.3,2.8,24.4,0.6,⚪ NORMAL
PNV-SAO,PNV-SAO,2026-04-21,3,13,26,151.9,45,0.58,0.5,19,34,38,36,72.2,10,1,1,0,5,2,0,1.8,0.3,14.3,0.4,⚪ NORMAL
ANG-BHZ,ANG-BHZ,2026-04-17,6,9,32,173.43,46,0.7,0.63,14,42,46,44,72.7,12,0,1,1,0,0,0,0.5,-0.5,-100.0,-0.1,⚪ NORMAL
RAO-RIO,RIO-RAO,2026-04-16,5,8,30,146.53,53,0.57,0.51,23,35,46,41,73.2,11,6,0,0,0,6,0,1.5,4.5,300.0,0.0,⚪ NORMAL
BHZ-GYN,GYN-BHZ,2026-04-20,2,12,48,168.75,64,0.75,0.68,16,41,89,65,73.8,17,0,0,0,0,9,0,0.0,9.0,,1.2,⚪ NORMAL
BHZ-CAB,CAB-BHZ,2026-04-16,5,8,149,135.13,236,0.63,0.6,87,182,219,201,74.1,52,10,0,5,11,5,0,6.5,-1.5,-23.1,0.1,⚪ NORMAL
CMP-GUR,CMP-GUR,2026-04-17,6,9,49,114.29,90,0.54,0.42,41,51,81,66,74.2,17,0,0,0,0,4,0,0.0,4.0,,0.5,⚪ NORMAL
CAB-SAO,CAB-SAO,2026-04-20,2,12,111,173.25,174,0.64,0.61,63,102,195,149,74.5,38,1,0,0,0,7,0,0.3,6.8,2700.0,0.8,⚪ NORMAL
CAB-JDF,CAB-JDF,2026-04-20,2,12,41,66.85,91,0.45,0.44,50,41,66,54,75.9,13,3,1,0,4,2,0,2.0,0.0,0.0,0.1,⚪ NORMAL
BHZ-MCE,MCE-BHZ,2026-04-21,3,13,23,185.16,45,0.51,0.48,22,19,41,30,76.7,7,1,0,3,3,1,0,1.8,-0.8,-42.9,0.2,⚪ NORMAL
BHZ-BSB,BSB-BHZ,2026-04-16,5,8,30,197.4,91,0.33,0.33,61,36,41,39,76.9,9,0,2,10,2,6,0,3.5,2.5,71.4,0.8,⚪ NORMAL
CAB-VIX,CAB-VIX,2026-04-17,6,9,30,88.1,52,0.58,0.44,22,48,29,39,76.9,9,2,0,0,2,4,0,1.0,3.0,300.0,0.4,⚪ NORMAL
PNV-SAO,PNV-SAO,2026-04-17,6,9,30,176.9,45,0.67,0.56,15,40,37,39,76.9,9,0,1,0,8,3,0,2.3,0.8,33.3,0.9,⚪ NORMAL
CMP-RIO,CMP-RIO,2026-04-17,6,9,81,189.59,104,0.78,0.76,23,88,121,105,77.1,24,6,0,2,3,7,0,2.8,4.3,154.5,0.3,⚪ NORMAL
JDF-SAO,SAO-JDF,2026-04-16,5,8,43,135.27,102,0.42,0.39,59,58,52,55,78.2,12,0,0,9,7,6,0,4.0,2.0,50.0,1.3,⚪ NORMAL
GYN-SAO,SAO-GYN,2026-04-20,2,12,22,127.49,60,0.37,0.23,38,33,23,28,78.6,6,0,0,0,6,15,0,1.5,13.5,900.0,2.4,⚪ NORMAL
CAB-SAO,SAO-CAB,2026-04-16,5,8,106,192.68,176,0.6,0.58,70,115,152,134,79.1,28,5,2,0,3,12,0,2.5,9.5,380.0,1.0,⚪ NORMAL
CAB-SAO,CAB-SAO,2026-04-21,3,13,132,196.45,226,0.58,0.56,94,100,230,165,80.0,33,4,4,1,12,6,0,5.3,0.8,14.3,0.8,⚪ NORMAL
RAO-RIO,RIO-RAO,2026-04-21,3,13,84,212.16,140,0.6,0.57,56,64,146,105,80.0,21,6,9,0,3,4,0,4.5,-0.5,-11.1,-0.7,⚪ NORMAL
CAB-VIX,VIX-CAB,2026-04-16,5,8,25,104.26,52,0.48,0.45,27,36,25,31,80.6,6,3,2,1,0,4,0,1.5,2.5,166.7,0.0,⚪ NORMAL
RIO-STS,RIO-STS,2026-04-18,7,10,29,108.24,41,0.71,0.68,12,44,27,36,80.6,7,0,0,0,0,0,0,0.0,0.0,,0.0,⚪ NORMAL
BHZ-SJK,BHZ-SJK,2026-04-16,5,8,71,217.75,104,0.68,0.66,33,69,97,83,85.5,12,3,0,3,1,2,0,1.8,0.3,14.3,-0.1,⚪ NORMAL
MCL-RIO,MCL-RIO,2026-04-20,2,12,13,113.59,60,0.22,0.12,47,20,10,15,86.7,2,6,6,3,0,6,0,3.8,2.3,60.0,-0.4,⚪ NORMAL
CMP-GUR,GUR-CMP,2026-04-21,3,13,49,106.47,90,0.54,0.42,41,36,73,55,89.1,6,1,0,2,0,5,0,0.8,4.3,566.7,0.5,⚪ NORMAL
GYN-SAO,GYN-SAO,2026-04-20,2,12,42,128.92,60,0.7,0.52,18,40,54,47,89.4,5,9,0,24,9,9,0,10.5,-1.5,-14.3,0.6,⚪ NORMAL
PNV-SAO,PNV-SAO,2026-04-20,2,12,27,147.34,44,0.61,0.5,17,25,35,30,90.0,3,0,0,1,2,0,0,0.8,-0.8,-100.0,0.1,⚪ NORMAL
CMP-GUR,GUR-CMP,2026-04-17,6,9,21,76.42,45,0.47,0.37,24,28,17,23,91.3,2,0,0,1,6,2,0,1.8,0.3,14.3,0.7,⚪ NORMAL
CRG-SAO,CRG-SAO,2026-04-21,3,13,157,74.05,227,0.69,0.58,70,90,251,171,91.8,14,11,11,10,13,14,0,11.3,2.8,24.4,0.5,⚪ NORMAL
ANG-BHZ,ANG-BHZ,2026-04-20,2,12,42,174.76,88,0.48,0.46,46,29,61,45,93.3,3,0,0,0,0,2,0,0.0,2.0,,0.3,⚪ NORMAL
RAO-RIO,RAO-RIO,2026-04-17,6,9,85,228.91,140,0.61,0.59,55,54,127,91,93.4,6,6,0,0,10,3,0,4.0,-1.0,-25.0,0.3,⚪ NORMAL
CAB-JDF,JDF-CAB,2026-04-16,5,8,83,89.14,136,0.61,0.59,53,58,116,87,95.4,4,0,5,0,4,7,0,2.3,4.8,211.1,0.9,⚪ NORMAL
MCL-RIO,RIO-MCL,2026-04-20,2,12,26,123.71,58,0.45,0.3,32,12,42,27,96.3,1,4,1,0,1,4,0,1.5,2.5,166.7,0.0,⚪ NORMAL
BHZ-BSB,BHZ-BSB,2026-04-21,3,13,49,211.61,91,0.54,0.54,42,35,65,50,98.0,1,0,0,4,4,18,0,2.0,16.0,800.0,2.7,⚪ NORMAL
BHZ-BSB,BSB-BHZ,2026-04-20,2,12,33,140.19,91,0.36,0.36,58,27,38,33,100.0,0,2,2,4,8,6,0,4.0,2.0,50.0,0.9,⚪ NORMAL
BRU-SAO,BRU-SAO,2026-04-21,3,13,21,62.76,88,0.24,0.22,67,0,41,21,100.0,0,5,0,0,0,0,0,1.3,-1.3,-100.0,-0.7,⚪ NORMAL
CAB-JDF,JDF-CAB,2026-04-17,6,9,150,119.07,231,0.65,0.62,81,118,178,148,101.4,0,0,3,4,1,58,0,2.0,56.0,2800.0,7.6,⚪ NORMAL
PNV-SAO,SAO-PNV,2026-04-17,6,9,38,170.43,44,0.86,0.77,6,34,39,37,102.7,0,4,3,1,5,1,0,3.3,-2.3,-69.2,-0.3,⚪ NORMAL
RIO-STS,STS-RIO,2026-04-16,5,8,38,158.35,56,0.68,0.65,18,36,37,37,102.7,0,9,0,0,0,21,0,2.3,18.8,833.3,1.6,⚪ NORMAL
CAB-VIX,CAB-VIX,2026-04-20,2,12,33,95.23,52,0.63,0.58,19,27,34,31,106.5,0,0,2,2,1,3,0,1.3,1.8,140.0,0.3,⚪ NORMAL
ANG-BHZ,BHZ-ANG,2026-04-16,5,8,47,223.41,91,0.52,0.49,44,39,48,44,106.8,0,0,0,1,3,3,0,1.0,2.0,200.0,0.6,⚪ NORMAL
RAO-RIO,RIO-RAO,2026-04-20,2,12,44,183.29,53,0.83,0.75,9,32,49,41,107.3,0,0,0,0,6,0,0,1.5,-1.5,-100.0,0.4,⚪ NORMAL
BHZ-MCE,BHZ-MCE,2026-04-17,6,9,40,171.88,45,0.89,0.74,5,38,31,35,114.3,0,5,1,8,3,3,0,4.3,-1.3,-29.4,-0.1,⚪ NORMAL
ANG-BHZ,ANG-BHZ,2026-04-21,3,13,47,242.71,98,0.48,0.45,51,25,57,41,114.6,0,6,0,13,0,3,0,4.8,-1.8,-36.8,-0.4,⚪ NORMAL
CMP-GUR,CMP-GUR,2026-04-16,5,8,32,111.71,45,0.71,0.61,13,43,10,27,118.5,0,1,2,2,0,4,0,1.3,2.8,220.0,0.3,⚪ NORMAL
ANG-BHZ,ANG-BHZ,2026-04-16,5,8,31,149.93,43,0.72,0.63,12,25,27,26,119.2,0,4,1,0,4,4,0,2.3,1.8,77.8,0.2,⚪ NORMAL
BHZ-BSB,BSB-BHZ,2026-04-17,6,9,67,199.55,91,0.74,0.74,24,37,74,56,119.6,0,0,4,2,4,12,0,2.5,9.5,380.0,1.6,⚪ NORMAL
