data,turno,rota_principal,sentido,antecedencia,dia_da_semana,pax,capacidade_atual,occ_atual,vagas_restantes,lf_pascoa_2026,lf_atual,ratio,tkm_comp,preco_base,preco_est_draft,preco_est_novo,preco_com_sazonalidade,preco_mult_flutuacao,mult_final,mult_flutuacao,price_cc,origem_match,qtd_dias_no_idx
2026-04-30,MADRUGADA,CMP-SAO,CMP-SAO,20,5,1.0,46,0.02,45,0.0583,0.0148,0.2542,,25.9,28.9,,28.9,,1.103,,55.531,com_turno,1.0
2026-04-30,MADRUGADA,RAO-SAO,RAO-SAO,20,5,13.0,99,0.13,86,0.0369,0.1232,3.3388,,72.9,79.9,,79.9,,1.095,,153.9,com_turno,1.0
2026-04-30,MADRUGADA,RAO-SAO,SAO-RAO,20,5,4.0,46,0.09,42,0.1046,0.0839,0.802,,68.9,88.9,,88.9,,1.282,,,com_turno,1.0
2026-04-30,MADRUGADA,RIO-SAO,RIO-SAO,20,5,10.0,56,0.18,46,0.1893,0.1678,0.8867,,89.9,98.9,,98.9,,1.096,,160.714,sem_turno,
2026-04-30,MANHA,BAT-SAO,BAT-SAO,20,5,8.0,45,0.18,37,0.1622,0.1025,0.6319,,123.9,158.9,,158.9,,1.281,,199.95,com_turno,1.0
2026-04-30,MANHA,BAT-SAO,SAO-BAT,20,5,3.0,45,0.07,42,0.0402,0.0624,1.5534,,116.9,155.9,,155.9,,1.327,,229.175,com_turno,1.0
2026-04-30,MANHA,BHZ-DTI,BHZ-DTI,20,5,7.0,46,0.15,39,0.0222,0.1396,6.2804,57.04,79.9,101.9,,101.9,,1.267,,177.84,com_turno,1.0
2026-04-30,MANHA,BHZ-DTI,DTI-BHZ,20,5,,42,,42,0.0936,0.0,0.0,75.19,79.9,100.9,,100.9,,1.257,,170.69,com_turno,1.0
2026-04-30,MANHA,BHZ-IPA,BHZ-IPA,20,5,,88,,88,0.0429,0.0,0.0,59.99,72.9,122.9,,122.9,,1.676,,,com_turno,1.0
2026-04-30,MANHA,BHZ-IPA,IPA-BHZ,20,5,13.0,42,0.31,29,0.0168,0.2468,14.6936,58.08,80.9,98.9,,98.9,103.84500000000001,1.216,1.05,,com_turno,1.0
2026-04-30,MANHA,BHZ-MCL,BHZ-MCL,20,5,3.0,64,0.05,61,0.0536,0.0469,0.875,82.67,86.9,100.9,,100.9,,1.158,,188.82,com_turno,1.0
2026-04-30,MANHA,BHZ-MCL,MCL-BHZ,20,5,1.0,64,0.02,63,0.2047,0.0156,0.0763,72.2,86.9,103.9,,103.9,,1.195,,183.37,com_turno,1.0
2026-04-30,MANHA,BHZ-RIO,BHZ-RIO,20,5,22.0,60,0.37,38,0.213,0.3446,1.618,172.97,95.9,166.9,,166.9,220.1831931775442,1.737,1.3192522059768976,247.468,com_turno,1.0
2026-04-30,MANHA,BHZ-RIO,RIO-BHZ,20,5,6.0,60,0.1,54,0.0744,0.094,1.2632,130.42,90.9,105.9,,105.9,,1.162,,123.323,com_turno,1.0
2026-04-30,MANHA,BHZ-SAO,BHZ-SAO,20,5,13.0,46,0.28,33,0.2374,0.2126,0.8957,,101.9,120.9,,120.9,132.99,1.184,1.1,214.449,sem_turno,
2026-04-30,MANHA,BHZ-SAO,SAO-BHZ,20,5,5.0,45,0.11,40,0.1843,0.0732,0.397,,95.9,139.9,,139.9,,1.459,,207.626,sem_turno,
2026-04-30,MANHA,CAB-JDF,JDF-CAB,20,5,6.0,45,0.13,39,0.2771,0.1191,0.4299,,75.9,129.9,,129.9,123.405,1.7,0.95,,sem_turno,
2026-04-30,MANHA,CAB-RIO,CAB-RIO,20,5,1.0,46,0.02,45,0.06,0.02,0.3333,,43.9,43.9,,43.9,,1.0,,,sem_turno,
2026-04-30,MANHA,CAB-RIO,RIO-CAB,20,5,23.0,92,0.25,69,0.0969,0.2364,2.4394,,43.9,57.9,,57.9,60.795,1.318,1.05,,sem_turno,
2026-04-30,MANHA,CDG-RIO,CDG-RIO,20,5,14.0,46,0.3,32,0.1347,0.3028,2.2472,,68.9,81.9,,81.9,94.5945,1.179,1.1549999999999998,147.135,com_turno,1.0
2026-04-30,MANHA,CDG-RIO,RIO-CDG,20,5,3.0,46,0.07,43,0.0621,0.0608,0.9783,,62.9,75.9,,75.9,,1.2,,,com_turno,1.0
2026-04-30,MANHA,CMP-SAO,CMP-SAO,20,5,12.0,183,0.07,171,0.0217,0.0483,2.2216,,29.9,35.9,,35.9,,1.179,,55.659,com_turno,1.0
2026-04-30,MANHA,CMP-SAO,SAO-CMP,20,5,1.0,137,0.01,136,0.0497,0.0089,0.1783,,29.9,33.9,,33.9,,1.127,,54.087,com_turno,1.0
2026-04-30,MANHA,CMP-SJK,SJK-CMP,20,5,2.0,46,0.04,44,0.0,0.021,0.0,,35.9,37.9,,37.9,,1.053,,,sem_match,
2026-04-30,MANHA,CRG-SAO,CRG-SAO,20,5,0.0,46,0.0,46,0.0779,0.0,0.0,,43.9,50.9,,50.9,,1.144,,,com_turno,1.0
2026-04-30,MANHA,CRG-SAO,SAO-CRG,20,5,25.0,90,0.28,65,0.0389,0.2101,5.4059,50.7,50.9,67.9,,67.9,71.29500000000002,1.319,1.05,,com_turno,1.0
2026-04-30,MANHA,JDF-SAO,JDF-SAO,20,5,,64,,64,0.1634,0.0,0.0,,115.9,135.9,,135.9,,1.166,,154.597,sem_turno,
2026-04-30,MANHA,OLP-SAO,SAO-OLP,20,5,0.0,46,0.0,46,0.0,0.0,0.0,,98.9,145.9,,145.9,138.605,1.468,0.95,248.9,sem_match,
2026-04-30,MANHA,RAO-SAO,RAO-SAO,20,5,39.0,181,0.22,142,0.0637,0.1799,2.8223,74.72,68.9,79.9,88.9,88.9,102.66783187499999,1.278,1.1548687499999999,155.3,com_turno,1.0
2026-04-30,MANHA,RAO-SAO,SAO-RAO,20,5,5.0,92,0.05,87,0.1108,0.0396,0.3573,95.54,68.9,86.9,,86.9,,1.258,,169.58,com_turno,1.0
2026-04-30,MANHA,RIO-SAO,RIO-SAO,20,5,15.0,226,0.07,211,0.1676,0.0715,0.4268,83.8,89.9,111.9,,111.9,106.305,1.243,0.95,160.127,com_turno,1.0
2026-04-30,MANHA,RIO-SAO,SAO-RIO,20,5,34.0,198,0.17,164,0.5183,0.1897,0.366,126.87,89.9,152.9,,152.9,160.54500000000002,1.699,1.05,166.565,com_turno,1.0
2026-04-30,MANHA,RIO-VIX,RIO-VIX,20,5,8.0,39,0.21,31,0.1316,0.1783,1.3547,97.33,79.9,97.9,,97.9,,1.216,,198.05,com_turno,1.0
2026-04-30,MANHA,RIO-VIX,VIX-RIO,20,5,7.0,44,0.16,37,0.2317,0.1551,0.6693,97.7,79.9,117.9,,117.9,,1.47,,209.82,com_turno,1.0
2026-04-30,MANHA,SAO-SJK,SAO-SJK,20,5,3.0,92,0.03,89,0.0,0.0308,0.0,,22.9,37.9,,37.9,,1.62,,51.86,sem_match,
2026-04-30,MANHA,SAO-SJK,SJK-SAO,20,5,7.0,92,0.08,85,0.0,0.0713,0.0,,27.9,27.9,,27.9,,1.0,,45.158,sem_match,
2026-04-30,MANHA,SAO-SJP,SAO-SJP,20,5,5.0,131,0.04,126,0.0709,0.0302,0.4257,80.55,93.9,126.9,,126.9,,1.349,,144.924,com_turno,1.0
2026-04-30,MANHA,SAO-SJP,SJP-SAO,20,5,5.0,89,0.06,84,0.1347,0.0407,0.3024,90.02,93.9,131.9,,131.9,,1.399,,139.801,com_turno,1.0
2026-04-30,NOITE,ANG-BHZ,ANG-BHZ,20,5,13.0,43,0.3,30,0.0217,0.2933,13.4938,141.61,144.9,185.9,,185.9,224.37933322883202,1.277,1.2069894202734375,,com_turno,1.0
2026-04-30,NOITE,ANG-BHZ,BHZ-ANG,20,5,32.0,152,0.21,120,0.5682,0.1112,0.1958,220.79,185.9,302.9,,302.9,333.94725,1.625,1.1025,,com_turno,1.0
2026-04-30,NOITE,ARB-SAO,ARB-SAO,20,5,45.0,153,0.29,108,0.2451,0.2506,1.0228,133.99,122.9,161.9,,161.9,178.09000000000003,1.318,1.1,175.0,com_turno,1.0
2026-04-30,NOITE,ARB-SAO,SAO-ARB,20,5,26.0,159,0.16,133,0.1643,0.1183,0.7198,133.86,116.9,168.9,,168.9,,1.444,,174.41,com_turno,1.0
2026-04-30,NOITE,BAT-SAO,BAT-SAO,20,5,11.0,45,0.24,34,0.1291,0.2337,1.8098,,142.9,205.9,,205.9,,1.439,,252.4,com_turno,1.0
2026-04-30,NOITE,BAT-SAO,SAO-BAT,20,5,40.0,91,0.44,51,0.3237,0.4124,1.2741,,123.9,170.9,,170.9,206.78846593749998,1.374,1.2099968749999999,254.6,com_turno,1.0
2026-04-30,NOITE,BHZ-BSB,BHZ-BSB,20,5,23.0,91,0.25,68,0.1333,0.2518,1.8885,,115.9,165.9,,165.9,174.19500000000002,1.425,1.05,273.972,com_turno,1.0
2026-04-30,NOITE,BHZ-BSB,BSB-BHZ,20,5,13.0,91,0.14,78,0.0,0.1439,0.0,,173.9,308.9,,308.9,,1.774,,251.608,sem_match,
2026-04-30,NOITE,BHZ-CAB,BHZ-CAB,20,5,386.0,657,0.59,271,0.5378,0.6087,1.1318,203.17,165.9,243.9,,243.9,307.21349967879377,1.47,1.2595879445625,337.4,com_turno,1.0
2026-04-30,NOITE,BHZ-CAB,CAB-BHZ,20,5,56.0,236,0.24,180,0.3446,0.2871,0.833,158.89,135.9,144.9,,144.9,158.06175000000002,1.061,1.0908333333333333,219.9,com_turno,1.0
2026-04-30,NOITE,BHZ-CMP,BHZ-CMP,20,5,6.0,43,0.14,37,0.1828,0.1264,0.6915,151.5,105.9,154.9,,154.9,,1.463,,,com_turno,1.0
2026-04-30,NOITE,BHZ-CMP,CMP-BHZ,20,5,6.0,40,0.15,34,0.2768,0.1368,0.4941,,95.9,140.9,,140.9,,1.462,,,com_turno,1.0
2026-04-30,NOITE,BHZ-DTI,BHZ-DTI,20,5,12.0,42,0.29,30,0.075,0.2757,3.6762,85.48,79.9,109.9,,109.9,126.93449999999999,1.375,1.1549999999999998,176.46,com_turno,1.0
2026-04-30,NOITE,BHZ-DTI,DTI-BHZ,20,5,3.0,46,0.07,43,0.033,0.0652,1.9741,100.3,74.9,99.9,,99.9,,1.322,,169.31,com_turno,1.0
2026-04-30,NOITE,BHZ-GYN,BHZ-GYN,20,5,18.0,64,0.28,46,0.0,0.2202,0.0,,100.9,169.9,,169.9,196.23449999999997,1.682,1.1549999999999998,124.35,sem_match,
2026-04-30,NOITE,BHZ-GYN,GYN-BHZ,20,5,17.0,64,0.27,47,0.0,0.2403,0.0,,105.9,155.9,,155.9,171.87975,1.467,1.1025,124.98,sem_match,
2026-04-30,NOITE,BHZ-IPA,BHZ-IPA,20,5,13.0,181,0.07,168,0.1257,0.0591,0.4699,,95.9,141.9,,141.9,,1.477,,,com_turno,1.0
2026-04-30,NOITE,BHZ-IPA,IPA-BHZ,20,5,15.0,228,0.07,213,0.1623,0.0545,0.3358,62.17,84.9,111.9,,111.9,,1.313,,,com_turno,1.0
2026-04-30,NOITE,BHZ-MCE,BHZ-MCE,20,5,5.0,45,0.11,40,0.4165,0.1085,0.2605,,182.9,289.9,,289.9,,1.584,,,com_turno,1.0
2026-04-30,NOITE,BHZ-MCE,MCE-BHZ,20,5,3.0,46,0.07,43,0.0667,0.0634,0.9508,,182.9,270.9,,270.9,,1.479,,,com_turno,1.0
2026-04-30,NOITE,BHZ-MCL,BHZ-MCL,20,5,24.0,128,0.19,104,0.1667,0.1858,1.1147,153.62,104.9,143.9,,143.9,,1.367,,247.35,com_turno,1.0
2026-04-30,NOITE,BHZ-MCL,MCL-BHZ,20,5,36.0,128,0.28,92,0.1086,0.2797,2.5756,134.87,105.9,130.9,136.9,136.9,158.10153187499998,1.288,1.1548687499999999,241.9,com_turno,1.0
2026-04-30,NOITE,BHZ-RAO,BHZ-RAO,20,5,9.0,60,0.15,51,0.0608,0.0917,1.5085,207.08,158.9,264.9,,264.9,,1.664,,,com_turno,1.0
2026-04-30,NOITE,BHZ-RAO,RAO-BHZ,20,5,5.0,49,0.1,44,0.0882,0.0773,0.876,172.56,158.9,249.9,,249.9,,1.569,,,com_turno,1.0
2026-04-30,NOITE,BHZ-RIO,BHZ-RIO,20,5,300.0,559,0.54,259,0.9105,0.6032,0.6625,217.38,116.9,190.9,,190.9,298.74896489299476,1.626,1.5649500518229165,255.978,com_turno,1.0
2026-04-30,NOITE,BHZ-RIO,RIO-BHZ,20,5,54.0,242,0.22,188,0.2172,0.2076,0.9558,144.74,104.9,163.9,,163.9,172.09500000000003,1.556,1.05,128.155,com_turno,1.0
2026-04-30,NOITE,BHZ-SAO,BHZ-SAO,20,5,145.0,313,0.46,168,0.2374,0.437,1.8413,155.03,130.9,158.9,166.9,166.9,207.95543050176562,1.272,1.2459881995312498,206.302,com_turno,1.0
2026-04-30,NOITE,BHZ-SAO,SAO-BHZ,20,5,71.0,308,0.23,237,0.1843,0.2156,1.1696,142.93,125.9,174.9,,174.9,191.67946875,1.389,1.0959375,182.07,com_turno,1.0
2026-04-30,NOITE,BHZ-SJK,BHZ-SJK,20,5,20.0,104,0.19,84,0.5241,0.1832,0.3496,270.04,129.9,251.9,,251.9,,1.933,,,com_turno,1.0
2026-04-30,NOITE,BHZ-UDI,BHZ-UDI,20,5,37.0,102,0.36,65,0.2061,0.3068,1.4885,131.64,131.9,156.9,169.9,169.9,196.23449999999997,1.288,1.1549999999999998,147.16,com_turno,1.0
2026-04-30,NOITE,BHZ-UDI,UDI-BHZ,20,5,31.0,101,0.31,70,0.2638,0.347,1.3156,121.65,131.9,180.9,,180.9,199.44225,1.372,1.1025,132.453,com_turno,1.0
2026-04-30,NOITE,BHZ-VIX,BHZ-VIX,20,5,178.0,432,0.41,254,0.4723,0.3622,0.767,156.41,127.9,196.9,,196.9,256.3237422126587,1.536,1.301796557707764,227.702,com_turno,1.0
2026-04-30,NOITE,BHZ-VIX,VIX-BHZ,20,5,131.0,261,0.5,130,0.2973,0.5089,1.7114,116.05,115.9,129.9,145.9,145.9,191.03217657954772,1.255,1.30933637134714,171.868,com_turno,1.0
2026-04-30,NOITE,BOA-MAN,BOA-MAN,20,5,7.0,42,0.17,35,0.0693,0.1583,2.2848,,170.9,205.9,,205.9,,1.202,,320.357,com_turno,1.0
2026-04-30,NOITE,BOA-MAN,MAN-BOA,20,5,4.0,43,0.09,39,0.1727,0.093,0.5386,,153.9,200.9,,200.9,,1.304,,324.76,com_turno,1.0
2026-04-30,NOITE,CAB-JDF,JDF-CAB,20,5,36.0,46,0.78,10,0.3826,0.7592,1.9841,105.25,75.9,113.9,,113.9,140.097,1.501,1.23,,com_turno,1.0
2026-04-30,NOITE,CAB-RIO,CAB-RIO,20,5,6.0,46,0.13,40,0.06,0.1257,2.0959,,39.9,40.9,,40.9,,1.023,,,sem_turno,
2026-04-30,NOITE,CAB-RIO,RIO-CAB,20,5,17.0,46,0.37,29,0.0969,0.3315,3.42,,45.9,65.9,,65.9,83.34589532726955,1.438,1.2647328577734376,,com_turno,1.0
2026-04-30,NOITE,CAB-SAO,CAB-SAO,20,5,25.0,133,0.19,108,0.1672,0.1604,0.9595,106.9,116.9,140.9,,140.9,,1.198,,,com_turno,1.0
2026-04-30,NOITE,CAB-SAO,SAO-CAB,20,5,137.0,233,0.59,96,0.9722,0.4875,0.5014,236.41,136.9,232.9,,232.9,347.80093903374495,1.698,1.4933488150869254,,com_turno,1.0
2026-04-30,NOITE,CAB-VIX,CAB-VIX,20,5,3.0,44,0.07,41,0.1625,0.0585,0.36,,95.9,150.9,,150.9,,1.567,,,com_turno,1.0
2026-04-30,NOITE,CAB-VIX,VIX-CAB,20,5,26.0,52,0.5,26,0.5508,0.4958,0.9,94.61,116.9,209.9,,209.9,232.98900000000003,1.79,1.11,,com_turno,1.0
2026-04-30,NOITE,CDG-RIO,CDG-RIO,20,5,9.0,46,0.2,37,0.154,0.1941,1.2606,,62.9,95.9,,95.9,105.72975000000001,1.521,1.1025,147.63,com_turno,1.0
2026-04-30,NOITE,CDG-RIO,RIO-CDG,20,5,7.0,46,0.15,39,0.1121,0.1463,1.3049,,65.9,90.9,,90.9,,1.374,,,com_turno,1.0
2026-04-30,NOITE,CGR-SAO,CGR-SAO,20,5,31.0,60,0.52,29,0.2993,0.4744,1.5851,197.19,157.9,219.9,,219.9,266.077625625,1.388,1.20999375,366.895,com_turno,1.0
2026-04-30,NOITE,CMP-GUR,CMP-GUR,20,5,17.0,45,0.38,28,0.0,0.2845,0.0,,93.9,116.9,,116.9,,1.237,,,sem_match,
2026-04-30,NOITE,CMP-RIO,CMP-RIO,20,5,103.0,221,0.47,118,0.8853,0.438,0.4948,172.63,98.9,174.9,,174.9,220.16739937500003,1.766,1.25881875,234.206,com_turno,1.0
2026-04-30,NOITE,CMP-RIO,RIO-CMP,20,5,11.0,60,0.18,49,0.3397,0.1687,0.4966,104.48,89.9,119.9,,119.9,,1.331,,195.295,com_turno,1.0
2026-04-30,NOITE,CMP-SAO,CMP-SAO,20,5,11.0,92,0.12,81,0.0652,0.1196,1.8333,,41.9,71.9,,71.9,66.867,1.704,0.93,55.906,com_turno,1.0
2026-04-30,NOITE,CMP-SAO,SAO-CMP,20,5,9.0,183,0.05,174,0.1255,0.0332,0.2647,,41.9,59.9,,59.9,,1.412,,53.563,com_turno,1.0
2026-04-30,NOITE,CPC-FLN,CPC-FLN,20,5,118.0,295,0.4,177,0.2099,0.3393,1.6161,142.72,134.9,180.9,,180.9,198.0855,1.337,1.095,,com_turno,1.0
2026-04-30,NOITE,CPC-FLN,FLN-CPC,20,5,56.0,250,0.22,194,0.1886,0.2157,1.1436,143.21,141.9,208.9,,208.9,,1.472,,,com_turno,1.0
2026-04-30,NOITE,CRG-SAO,SAO-CRG,20,5,21.0,46,0.46,25,0.0944,0.4253,4.5027,,43.9,73.9,,73.9,93.46317750000001,1.682,1.264725,,com_turno,1.0
2026-04-30,NOITE,GVS-SAO,SAO-GVS,20,5,18.0,56,0.32,38,0.1181,0.2904,2.4593,169.66,130.9,201.9,,201.9,232.185,1.54,1.15,285.737,com_turno,1.0
2026-04-30,NOITE,GYN-SAO,GYN-SAO,20,5,18.0,60,0.3,42,0.0468,0.2316,4.944,148.11,135.9,159.9,190.9,190.9,200.44500000000002,1.399,1.05,235.1,com_turno,1.0
2026-04-30,NOITE,GYN-SAO,SAO-GYN,20,5,20.0,60,0.33,40,0.0696,0.264,3.7935,162.41,135.9,191.9,,191.9,,1.408,,292.49,com_turno,1.0
2026-04-30,NOITE,IPA-VIX,IPA-VIX,20,5,6.0,80,0.08,74,0.3387,0.0681,0.201,124.36,156.9,254.9,,254.9,,1.623,,,com_turno,1.0
2026-04-30,NOITE,IPA-VIX,VIX-IPA,20,5,4.0,81,0.05,77,0.245,0.0457,0.1865,119.23,110.9,172.9,,172.9,,1.555,,,com_turno,1.0
2026-04-30,NOITE,JDF-SAO,JDF-SAO,20,5,32.0,120,0.27,88,0.1634,0.2472,1.513,125.74,121.9,142.9,152.9,152.9,168.57225000000003,1.248,1.1025,195.954,com_turno,1.0
2026-04-30,NOITE,JDF-SAO,SAO-JDF,20,5,19.0,102,0.19,83,0.2119,0.1529,0.7216,189.0,135.9,219.9,,219.9,,1.614,,179.954,com_turno,1.0
2026-04-30,NOITE,MCE-SAO,MCE-SAO,20,5,6.0,44,0.14,38,0.0,0.1321,0.0,,147.9,221.9,,221.9,,1.494,,,sem_match,
2026-04-30,NOITE,MCE-SAO,SAO-MCE,20,5,15.0,44,0.34,29,0.1724,0.3378,1.9594,115.72,127.9,184.9,,184.9,223.1723438085586,1.442,1.2069894202734375,,com_turno,1.0
2026-04-30,NOITE,MCL-RIO,RIO-MCL,20,5,3.0,60,0.05,57,0.0,0.0339,0.0,,180.9,228.9,,228.9,,1.264,,,sem_match,
2026-04-30,NOITE,OLP-SAO,SAO-OLP,20,5,9.0,46,0.2,37,0.0,0.1957,0.0,,121.9,186.9,,186.9,196.245,1.529,1.05,248.9,sem_match,
2026-04-30,NOITE,PAS-SAO,PAS-SAO,20,5,11.0,46,0.24,35,0.051,0.1914,3.7535,,98.9,131.9,,131.9,138.495,1.325,1.05,,com_turno,1.0
2026-04-30,NOITE,PAS-SAO,SAO-PAS,20,5,4.0,46,0.09,42,0.0386,0.087,2.2538,124.97,108.9,172.9,,172.9,,1.581,,,com_turno,1.0
2026-04-30,NOITE,PNV-SAO,SAO-PNV,20,5,5.0,45,0.11,40,0.1896,0.1026,0.5411,184.46,159.9,276.9,,276.9,,1.73,,364.91,com_turno,1.0
2026-04-30,NOITE,QAK-SAO,QAK-SAO,20,5,21.0,60,0.35,39,0.2778,0.2958,1.0648,,129.9,185.9,,185.9,195.19500000000002,1.43,1.05,299.0,com_turno,1.0
2026-04-30,NOITE,QAK-SAO,SAO-QAK,20,5,5.0,44,0.11,39,0.2332,0.1014,0.4351,198.09,129.9,205.9,,205.9,,1.585,,181.0,com_turno,1.0
2026-04-30,NOITE,QDC-SAO,QDC-SAO,20,5,15.0,42,0.36,27,0.1619,0.2914,1.8004,,159.9,202.9,,202.9,213.04500000000002,1.265,1.05,292.99,com_turno,1.0
2026-04-30,NOITE,QDC-SAO,SAO-QDC,20,5,1.0,45,0.02,44,0.0757,0.015,0.1983,,159.9,241.9,,241.9,,1.51,,298.457,com_turno,1.0
2026-04-30,NOITE,RAO-RIO,RAO-RIO,20,5,85.0,87,0.98,2,1.0,0.977,0.977,232.21,202.9,274.9,,274.9,,1.355,,312.485,com_turno,1.0
2026-04-30,NOITE,RAO-RIO,RIO-RAO,20,5,9.0,53,0.17,44,0.0,0.1535,0.0,,158.9,220.9,,220.9,,1.388,,270.32,sem_match,
2026-04-30,NOITE,RAO-SAO,RAO-SAO,20,5,22.0,139,0.16,117,0.0897,0.1386,1.5453,90.34,79.9,101.9,,101.9,,1.265,,155.3,com_turno,1.0
2026-04-30,NOITE,RAO-SAO,SAO-RAO,20,5,35.0,222,0.16,187,0.1285,0.128,0.9959,109.58,75.9,108.9,,108.9,114.34500000000001,1.427,1.05,157.992,com_turno,1.0
2026-04-30,NOITE,RIO-SAO,RIO-SAO,20,5,49.0,423,0.12,374,0.1996,0.1165,0.5836,134.38,104.9,167.9,,167.9,,1.598,,145.507,com_turno,1.0
2026-04-30,NOITE,RIO-SAO,SAO-RIO,20,5,304.0,524,0.58,220,0.905,0.5954,0.6579,196.02,109.9,175.9,,175.9,259.0527272727273,1.593,1.4727272727272727,174.745,com_turno,1.0
2026-04-30,NOITE,RIO-STS,RIO-STS,20,5,2.0,41,0.05,39,0.0,0.0464,0.0,,120.9,205.9,,205.9,,1.698,,248.0,sem_match,
2026-04-30,NOITE,RIO-STS,STS-RIO,20,5,26.0,56,0.46,30,0.0866,0.4403,5.0838,,132.9,221.9,,221.9,267.8277525,1.663,1.206975,312.0,com_turno,1.0
2026-04-30,NOITE,RIO-UDI,RIO-UDI,20,5,11.0,56,0.2,45,0.2959,0.1617,0.5465,200.51,169.9,231.9,,231.9,,1.365,,325.99,com_turno,1.0
2026-04-30,NOITE,RIO-UDI,UDI-RIO,20,5,47.0,116,0.41,69,0.8702,0.3853,0.4427,277.71,216.9,320.9,,320.9,433.215,1.475,1.35,427.475,com_turno,1.0
2026-04-30,NOITE,RIO-VIX,RIO-VIX,20,5,21.0,136,0.15,115,0.2078,0.1267,0.6098,143.93,105.9,167.9,,167.9,,1.578,,198.318,com_turno,1.0
2026-04-30,NOITE,RIO-VIX,VIX-RIO,20,5,97.0,177,0.55,80,0.3391,0.4503,1.3279,170.22,111.9,171.9,,171.9,242.35635571346805,1.53,1.4098682705844563,201.175,com_turno,1.0
2026-04-30,NOITE,SAO-SJK,SAO-SJK,20,5,11.0,46,0.24,35,0.0,0.2217,0.0,,30.9,40.9,,40.9,44.99,1.309,1.1,51.524,sem_match,
2026-04-30,NOITE,SAO-SJK,SJK-SAO,20,5,,46,,46,0.0,0.0,0.0,,23.9,44.9,,44.9,,1.859,,44.37,sem_match,
2026-04-30,NOITE,SAO-SJP,SAO-SJP,20,5,24.0,140,0.17,116,0.1233,0.1357,1.1005,121.79,109.9,168.9,,168.9,,1.529,,159.07,com_turno,1.0
2026-04-30,NOITE,SAO-SJP,SJP-SAO,20,5,47.0,232,0.2,185,0.1474,0.207,1.4045,111.46,109.9,139.9,,139.9,,1.274,,158.658,com_turno,1.0
2026-04-30,NOITE,SAO-UDI,SAO-UDI,20,5,5.0,43,0.12,38,0.117,0.1163,0.994,145.88,113.9,178.9,,178.9,,1.568,,182.669,com_turno,1.0
2026-04-30,NOITE,SAO-UDI,UDI-SAO,20,5,12.0,43,0.28,31,0.2647,0.275,1.0387,,125.9,175.9,,175.9,193.92975,1.393,1.1025,170.379,com_turno,1.0
2026-04-30,NOITE,SAO-VIX,SAO-VIX,20,5,4.0,43,0.09,39,0.452,0.0876,0.1938,,187.9,269.9,,269.9,,1.435,,326.38,com_turno,1.0
2026-04-30,NOITE,SAO-VIX,VIX-SAO,20,5,14.0,43,0.33,29,0.3171,0.3192,1.0065,,255.9,335.9,,335.9,422.837218125,1.312,1.25881875,383.275,com_turno,1.0
2026-04-30,TARDE,BAT-SAO,BAT-SAO,20,5,8.0,46,0.17,38,0.1455,0.1029,0.7077,,116.9,135.9,,135.9,,1.162,,252.4,sem_turno,
2026-04-30,TARDE,BHZ-DTI,DTI-BHZ,20,5,3.0,45,0.07,42,0.0615,0.0667,1.0835,,94.9,124.9,,124.9,,1.307,,169.31,sem_turno,
2026-04-30,TARDE,BHZ-IPA,BHZ-IPA,20,5,3.0,90,0.03,87,0.1338,0.0224,0.1676,,72.9,111.9,,111.9,,1.53,,,com_turno,1.0
2026-04-30,TARDE,BHZ-IPA,IPA-BHZ,20,5,3.0,46,0.07,43,0.0455,0.0652,1.4348,,115.9,158.9,,158.9,,1.367,,,com_turno,1.0
2026-04-30,TARDE,BHZ-MCL,MCL-BHZ,20,5,1.0,64,0.02,63,0.1445,0.0156,0.1081,,120.9,170.9,,170.9,,1.409,,195.075,sem_turno,
2026-04-30,TARDE,BHZ-RIO,BHZ-RIO,20,5,16.0,45,0.36,29,0.6222,0.3458,0.5558,172.95,115.9,180.9,,180.9,257.7824772744375,1.556,1.4249998743749999,264.99,com_turno,1.0
2026-04-30,TARDE,BHZ-RIO,RIO-BHZ,20,5,,45,,45,0.1878,0.0,0.0,,84.9,111.9,,111.9,106.305,1.318,0.95,114.99,sem_turno,
2026-04-30,TARDE,BHZ-SJK,SJK-BHZ,20,5,21.0,60,0.35,39,0.1841,0.3023,1.642,200.29,123.9,186.9,,186.9,215.86949999999996,1.507,1.1549999999999998,,com_turno,1.0
2026-04-30,TARDE,CAB-JDF,CAB-JDF,20,5,11.0,45,0.24,34,0.2087,0.2362,1.132,75.07,75.9,75.9,,75.9,79.69500000000001,1.0,1.05,,com_turno,1.0
2026-04-30,TARDE,CAB-RIO,CAB-RIO,20,5,6.0,46,0.13,40,0.06,0.1233,2.0563,,41.9,43.9,,43.9,,1.045,,,com_turno,1.0
2026-04-30,TARDE,CGR-SAO,CGR-SAO,20,5,16.0,60,0.27,44,0.2993,0.2651,0.8856,,157.9,188.9,,188.9,,1.196,,364.357,sem_turno,
2026-04-30,TARDE,CGR-SAO,SAO-CGR,20,5,35.0,120,0.29,85,0.1059,0.2734,2.5829,,142.9,194.9,,194.9,214.87725,1.358,1.1025,364.33,com_turno,1.0
2026-04-30,TARDE,CMP-SAO,CMP-SAO,20,5,11.0,229,0.05,218,0.0264,0.0396,1.4964,,29.9,44.9,,44.9,,1.495,,55.392,com_turno,1.0
2026-04-30,TARDE,CMP-SAO,SAO-CMP,20,5,4.0,184,0.02,180,0.0435,0.0197,0.453,,31.9,48.9,,48.9,,1.523,,53.852,com_turno,1.0
2026-04-30,TARDE,CMP-SJK,CMP-SJK,20,5,3.0,46,0.07,43,0.0,0.0396,0.0,,39.9,52.9,,52.9,,1.304,,,sem_match,
2026-04-30,TARDE,CPC-FLN,CPC-FLN,20,5,21.0,96,0.22,75,0.1764,0.1814,1.028,,134.9,184.9,,184.9,166.41,1.365,0.9,,sem_turno,
2026-04-30,TARDE,CRG-SAO,CRG-SAO,20,5,11.0,90,0.12,79,0.0435,0.0926,2.1303,,43.9,43.9,,43.9,,1.0,,,com_turno,1.0
2026-04-30,TARDE,GVS-SAO,GVS-SAO,20,5,18.0,64,0.28,46,0.0763,0.1879,2.4631,,157.9,216.9,,216.9,,1.37,,304.023,sem_turno,
2026-04-30,TARDE,GVS-SAO,SAO-GVS,20,5,,42,,42,0.1181,0.0,0.0,,,,,,,,,274.732,sem_turno,
2026-04-30,TARDE,MCL-RIO,MCL-RIO,20,5,13.0,58,0.22,45,0.2934,0.125,0.426,185.34,200.9,301.9,,301.9,348.65487562499993,1.502,1.1548687499999999,,com_turno,1.0
2026-04-30,TARDE,MCL-SAO,MCL-SAO,20,5,16.0,64,0.25,48,0.1455,0.1502,1.0325,203.62,150.9,216.9,,216.9,,1.432,,251.485,com_turno,1.0
2026-04-30,TARDE,MCL-SAO,SAO-MCL,20,5,4.0,64,0.06,60,0.1047,0.0248,0.2371,181.02,143.9,243.9,,243.9,,1.694,,244.638,com_turno,1.0
2026-04-30,TARDE,PNV-SAO,PNV-SAO,20,5,18.0,44,0.41,26,0.2658,0.3518,1.3235,199.6,175.9,227.9,,227.9,251.25975000000003,1.293,1.1025,339.89,com_turno,1.0
2026-04-30,TARDE,RAO-RIO,RAO-RIO,20,5,50.0,53,0.94,3,0.8727,0.8234,0.9436,150.36,174.9,212.9,,212.9,359.801,1.216,1.69,,com_turno,1.0
2026-04-30,TARDE,RAO-SAO,RAO-SAO,20,5,32.0,138,0.23,106,0.0792,0.1994,2.5178,77.73,68.9,108.9,,108.9,123.77347125000001,1.58,1.1365791666666667,153.9,com_turno,1.0
2026-04-30,TARDE,RAO-SAO,SAO-RAO,20,5,22.0,149,0.15,127,0.1151,0.0878,0.7625,77.42,72.9,101.9,,101.9,,1.387,,158.9,com_turno,1.0
2026-04-30,TARDE,RIO-SAO,RIO-SAO,20,5,3.0,56,0.05,53,0.0556,0.0532,0.9578,,110.9,161.9,,161.9,,1.455,,160.755,com_turno,1.0
2026-04-30,TARDE,RIO-SAO,SAO-RIO,20,5,7.0,35,0.2,28,0.6111,0.1866,0.3053,195.64,148.9,305.9,,305.9,321.195,2.052,1.05,157.984,com_turno,1.0
2026-04-30,TARDE,SAO-SJK,SAO-SJK,20,5,,46,,46,0.0,0.0,0.0,,23.9,38.9,,38.9,,1.602,,52.135,sem_match,
2026-04-30,TARDE,SAO-SJK,SJK-SAO,20,5,2.0,46,0.04,44,0.0,0.0421,0.0,,23.9,38.9,,38.9,,1.593,,44.976,sem_match,
2026-04-30,TARDE,SAO-SJP,SAO-SJP,20,5,,42,,42,0.1075,0.0,0.0,,98.9,132.9,,132.9,,1.338,,187.16,sem_turno,
2026-04-30,TARDE,SAO-VIX,SAO-VIX,20,5,17.0,102,0.17,85,0.1826,0.0896,0.4907,167.49,155.9,212.9,,212.9,,1.365,,400.64,com_turno,1.0
2026-04-30,TARDE,SAO-VIX,VIX-SAO,20,5,26.0,102,0.25,76,0.1635,0.1486,0.9091,163.42,180.9,224.9,,224.9,236.145,1.242,1.05,411.967,com_turno,1.0
2026-05-01,MADRUGADA,CMP-SAO,CMP-SAO,21,6,11.0,46,0.24,35,0.0148,0.17,11.4667,,25.9,34.9,,34.9,38.47725,1.321,1.1025,56.083,com_turno,2.0
2026-05-01,MADRUGADA,MCE-RIO,RIO-MCE,21,6,15.0,44,0.34,29,0.019,0.3041,16.0222,,39.9,70.9,,70.9,85.61175000000001,1.769,1.2075,,com_turno,1.0
2026-05-01,MADRUGADA,RAO-SAO,RAO-SAO,21,6,24.0,99,0.24,75,0.1806,0.1682,0.9315,,75.9,102.9,,102.9,,1.356,,153.9,com_turno,3.0
2026-05-01,MADRUGADA,RAO-SAO,SAO-RAO,21,6,5.0,46,0.11,41,0.0566,0.1056,1.866,,72.9,122.9,,122.9,,1.681,,,com_turno,3.0
2026-05-01,MADRUGADA,RIO-SAO,RIO-SAO,21,6,0.0,43,0.0,43,0.1333,0.0,0.0,,134.9,211.9,,211.9,201.305,1.569,0.95,131.079,com_turno,2.0
2026-05-01,MADRUGADA,RIO-SAO,SAO-RIO,21,6,38.0,56,0.68,18,1.0186,0.675,0.6627,,109.9,163.9,,163.9,258.14250000000004,1.491,1.5750000000000002,186.365,com_turno,3.0
2026-05-01,MANHA,BAT-SAO,BAT-SAO,21,6,13.0,45,0.29,32,0.1011,0.2507,2.4791,,116.9,141.9,,141.9,156.09000000000003,1.211,1.1,199.95,com_turno,2.0
2026-05-01,MANHA,BAT-SAO,SAO-BAT,21,6,3.0,45,0.07,42,0.018,0.0667,3.7073,,116.9,157.9,,157.9,,1.349,,217.75,com_turno,1.0
2026-05-01,MANHA,BHZ-DTI,BHZ-DTI,21,6,9.0,46,0.2,37,0.1953,0.1591,0.815,64.59666666666668,94.9,128.9,,128.9,,1.355,,177.84,com_turno,3.0
2026-05-01,MANHA,BHZ-DTI,DTI-BHZ,21,6,6.0,42,0.14,36,0.0485,0.1149,2.3689,65.60333333333334,94.9,114.9,,114.9,,1.204,,170.69,com_turno,3.0
2026-05-01,MANHA,BHZ-IPA,BHZ-IPA,21,6,,88,,88,0.0989,0.0,0.0,67.515,72.9,124.9,,124.9,,1.71,,,com_turno,2.0
2026-05-01,MANHA,BHZ-IPA,IPA-BHZ,21,6,12.0,85,0.14,73,0.0661,0.1182,1.7888,70.69666666666666,84.9,115.9,,115.9,,1.364,,,com_turno,3.0
2026-05-01,MANHA,BHZ-MCL,BHZ-MCL,21,6,3.0,64,0.05,61,0.1018,0.0469,0.4603,83.68333333333334,86.9,113.9,,113.9,,1.312,,141.99,com_turno,2.0
2026-05-01,MANHA,BHZ-MCL,MCL-BHZ,21,6,4.0,64,0.06,60,0.06,0.0625,1.0417,96.06666666666666,95.9,120.9,,120.9,,1.254,,136.54,com_turno,2.0
2026-05-01,MANHA,BHZ-RIO,BHZ-RIO,21,6,17.0,60,0.28,43,0.4483,0.2484,0.5541,146.41666666666666,95.9,177.9,,177.9,205.47449999999998,1.849,1.1549999999999998,115.972,com_turno,3.0
2026-05-01,MANHA,BHZ-RIO,RIO-BHZ,21,6,5.0,60,0.08,55,0.0598,0.0783,1.3104,101.26333333333334,95.9,124.9,,124.9,,1.299,,99.99,com_turno,3.0
2026-05-01,MANHA,BHZ-SAO,BHZ-SAO,21,6,9.0,45,0.2,36,0.1703,0.1415,0.831,74.6,101.9,136.9,,136.9,,1.338,,210.717,sem_turno,
2026-05-01,MANHA,BHZ-SAO,SAO-BHZ,21,6,8.0,46,0.17,38,0.1223,0.1455,1.1901,85.08,101.9,123.9,,123.9,130.095,1.214,1.05,212.71,com_turno,1.0
2026-05-01,MANHA,BRU-SAO,BRU-SAO,21,6,8.0,46,0.17,38,0.1177,0.1739,1.4773,72.35666666666667,83.9,98.9,,98.9,,1.178,,160.602,com_turno,3.0
2026-05-01,MANHA,BRU-SAO,SAO-BRU,21,6,15.0,42,0.36,27,0.1085,0.2917,2.6886,,71.9,81.9,,81.9,98.85243352039454,1.127,1.2069894202734375,165.641,com_turno,1.0
2026-05-01,MANHA,CAB-RIO,CAB-RIO,21,6,10.0,92,0.11,82,0.1048,0.103,0.982,,43.9,43.9,,43.9,,1.0,,,com_turno,3.0
2026-05-01,MANHA,CAB-RIO,RIO-CAB,21,6,41.0,92,0.45,51,0.0951,0.43,4.5198,,50.9,74.9,,74.9,86.50949999999999,1.464,1.1549999999999998,,com_turno,3.0
2026-05-01,MANHA,CDG-RIO,CDG-RIO,21,6,20.0,46,0.43,26,0.3463,0.4332,1.2509,,68.9,87.9,,87.9,116.02800000000002,1.274,1.32,147.383,com_turno,3.0
2026-05-01,MANHA,CDG-RIO,RIO-CDG,21,6,4.0,46,0.09,42,0.0434,0.087,2.0018,,68.9,99.9,,99.9,,1.45,,,com_turno,3.0
2026-05-01,MANHA,CMP-GUR,GUR-CMP,21,6,3.0,45,0.07,42,0.0,0.0357,0.0,,75.9,104.9,,104.9,,1.372,,,sem_match,
2026-05-01,MANHA,CMP-SAO,CMP-SAO,21,6,19.0,184,0.1,165,0.0346,0.0875,2.5285,,37.9,60.9,,60.9,,1.602,,55.561,com_turno,3.0
2026-05-01,MANHA,CMP-SAO,SAO-CMP,21,6,3.0,138,0.02,135,0.0394,0.0241,0.6119,21.69,31.9,52.9,,52.9,,1.636,,55.208,com_turno,3.0
2026-05-01,MANHA,CMP-SJK,SJK-CMP,21,6,3.0,46,0.07,43,0.0074,0.0365,4.9457,,37.9,49.9,,49.9,,1.308,,,sem_turno,
2026-05-01,MANHA,CRG-SAO,CRG-SAO,21,6,1.0,46,0.02,45,0.0926,0.0217,0.2348,,47.9,54.9,,54.9,,1.133,,,com_turno,3.0
2026-05-01,MANHA,CRG-SAO,SAO-CRG,21,6,56.0,136,0.41,80,0.1733,0.3486,2.0115,59.28666666666667,52.9,82.9,,82.9,100.10175000000001,1.559,1.2075,,com_turno,3.0
2026-05-01,MANHA,JDF-SAO,SAO-JDF,21,6,,64,,64,0.0417,0.0,0.0,,115.9,115.9,,115.9,,1.0,,171.597,sem_turno,
2026-05-01,MANHA,MCE-RIO,MCE-RIO,21,6,14.0,46,0.3,32,0.0883,0.2885,3.2673,,49.9,64.9,,64.9,78.36675000000001,1.293,1.2075,,com_turno,3.0
2026-05-01,MANHA,OLP-SAO,OLP-SAO,21,6,11.0,46,0.24,35,0.0183,0.1692,9.263,63.63,104.9,145.9,,145.9,153.19500000000002,1.384,1.05,199.0,com_turno,1.0
2026-05-01,MANHA,RAO-SAO,RAO-SAO,21,6,41.0,180,0.23,139,0.08,0.188,2.3495,65.685,68.9,98.9,,98.9,103.84500000000001,1.431,1.05,157.475,com_turno,3.0
2026-05-01,MANHA,RAO-SAO,SAO-RAO,21,6,11.0,183,0.06,172,0.0952,0.0559,0.5879,77.86333333333333,72.9,109.9,,109.9,,1.498,,169.58,com_turno,3.0
2026-05-01,MANHA,RIO-SAO,RIO-SAO,21,6,20.0,225,0.09,205,0.1136,0.0961,0.8459,83.21666666666667,89.9,117.9,,117.9,,1.308,,139.097,com_turno,3.0
2026-05-01,MANHA,RIO-SAO,SAO-RIO,21,6,56.0,223,0.25,167,0.7772,0.2844,0.3659,135.29,89.9,130.9,,130.9,139.1630625,1.457,1.0631249999999999,172.787,com_turno,3.0
2026-05-01,MANHA,RIO-VIX,RIO-VIX,21,6,7.0,44,0.16,37,0.1908,0.1361,0.7134,85.14,79.9,91.9,,91.9,,1.144,,198.05,com_turno,1.0
2026-05-01,MANHA,RIO-VIX,VIX-RIO,21,6,16.0,39,0.41,23,0.261,0.4025,1.5424,105.19,84.9,101.9,,101.9,117.68112562499999,1.196,1.1548687499999999,225.78,com_turno,2.0
2026-05-01,MANHA,SAO-SJK,SAO-SJK,21,6,7.0,92,0.08,85,0.0204,0.0704,3.4605,,25.9,49.9,,49.9,,1.894,,52.033,com_turno,1.0
2026-05-01,MANHA,SAO-SJK,SJK-SAO,21,6,5.0,92,0.05,87,0.0361,0.0537,1.4853,,27.9,38.9,,38.9,,1.37,,45.825,com_turno,3.0
2026-05-01,MANHA,SAO-SJP,SAO-SJP,21,6,16.0,89,0.18,73,0.0371,0.1542,4.1556,91.84999999999998,93.9,128.9,,128.9,,1.371,,166.687,com_turno,3.0
2026-05-01,MANHA,SAO-SJP,SJP-SAO,21,6,12.0,133,0.09,121,0.0709,0.0811,1.1438,75.57000000000001,98.9,122.9,,122.9,,1.234,,157.751,com_turno,3.0
2026-05-01,NOITE,ANG-BHZ,ANG-BHZ,21,6,11.0,46,0.24,35,0.1405,0.2362,1.6816,123.07,160.9,160.9,,160.9,168.94500000000002,1.0,1.05,,com_turno,1.0
2026-05-01,NOITE,ANG-BHZ,BHZ-ANG,21,6,7.0,43,0.16,36,0.4202,0.1499,0.3567,167.9,160.9,164.9,,164.9,,1.023,,,com_turno,1.0
2026-05-01,NOITE,ARB-SAO,ARB-SAO,21,6,9.0,159,0.06,150,0.1048,0.0445,0.4242,119.74333333333334,134.9,134.9,,134.9,121.41000000000001,1.0,0.9,175.0,com_turno,3.0
2026-05-01,NOITE,ARB-SAO,SAO-ARB,21,6,7.0,153,0.05,146,0.0797,0.0403,0.5052,116.39999999999999,122.9,122.9,,122.9,116.75499999999998,1.0,0.9499999999999998,174.41,com_turno,3.0
2026-05-01,NOITE,BAT-SAO,BAT-SAO,21,6,5.0,45,0.11,40,0.1735,0.1047,0.6033,,142.9,142.9,,142.9,,1.0,,229.4,com_turno,1.0
2026-05-01,NOITE,BAT-SAO,SAO-BAT,21,6,6.0,91,0.07,85,0.0778,0.0473,0.608,79.53,136.9,136.9,,136.9,,1.0,,231.75,com_turno,2.0
2026-05-01,NOITE,BHZ-BSB,BHZ-BSB,21,6,5.0,91,0.05,86,0.3778,0.055,0.1455,,158.9,175.9,,175.9,174.141,1.103,0.99,297.708,com_turno,1.0
2026-05-01,NOITE,BHZ-BSB,BSB-BHZ,21,6,8.0,91,0.09,83,0.1299,0.0879,0.677,,127.9,127.9,,127.9,134.29500000000002,1.0,1.05,272.54,com_turno,2.0
2026-05-01,NOITE,BHZ-CAB,BHZ-CAB,21,6,49.0,252,0.19,203,0.1276,0.2229,1.7463,138.89,158.9,158.9,,158.9,143.04836511583446,1.0,0.900241441886938,176.567,com_turno,3.0
2026-05-01,NOITE,BHZ-CAB,CAB-BHZ,21,6,36.0,229,0.16,193,0.2205,0.1742,0.7898,158.36666666666667,135.9,135.9,,135.9,135.6282,1.0,0.998,133.233,com_turno,3.0
2026-05-01,NOITE,BHZ-CMP,BHZ-CMP,21,6,2.0,40,0.05,38,0.1304,0.0429,0.3293,113.89,105.9,105.9,,105.9,100.605,1.0,0.95,,com_turno,3.0
2026-05-01,NOITE,BHZ-CMP,CMP-BHZ,21,6,7.0,43,0.16,36,0.0986,0.1566,1.5879,97.9,105.9,105.9,,105.9,,1.0,,,com_turno,3.0
2026-05-01,NOITE,BHZ-DTI,BHZ-DTI,21,6,3.0,42,0.07,39,0.1336,0.0714,0.5347,,94.9,94.9,,94.9,,1.0,,176.92,sem_turno,
2026-05-01,NOITE,BHZ-DTI,DTI-BHZ,21,6,2.0,46,0.04,44,0.067,0.0435,0.6486,62.67,99.9,99.9,,99.9,,1.0,,170.0,sem_turno,
2026-05-01,NOITE,BHZ-GYN,BHZ-GYN,21,6,1.0,64,0.02,63,0.0,0.0156,0.0,,111.9,111.9,,111.9,106.305,1.0,0.95,128.063,sem_match,
2026-05-01,NOITE,BHZ-GYN,GYN-BHZ,21,6,11.0,64,0.17,53,0.0,0.1465,0.0,,105.9,123.9,,123.9,,1.164,,310.327,sem_match,
2026-05-01,NOITE,BHZ-IPA,BHZ-IPA,21,6,0.0,181,0.0,181,0.0381,0.0,0.0,60.185,95.9,108.9,,108.9,,1.126,,,com_turno,1.0
2026-05-01,NOITE,BHZ-IPA,IPA-BHZ,21,6,6.0,228,0.03,222,0.0391,0.025,0.6404,,84.9,84.9,,84.9,,1.0,,,com_turno,3.0
2026-05-01,NOITE,BHZ-MCE,BHZ-MCE,21,6,5.0,46,0.11,41,0.0438,0.0625,1.4269,,182.9,182.9,,182.9,,1.0,,,com_turno,1.0
2026-05-01,NOITE,BHZ-MCE,MCE-BHZ,21,6,1.0,45,0.02,44,0.1074,0.0213,0.1983,,210.9,210.9,,210.9,,1.0,,,com_turno,1.0
2026-05-01,NOITE,BHZ-MCL,BHZ-MCL,21,6,4.0,128,0.03,124,0.0993,0.0313,0.3157,95.19333333333333,104.9,104.9,,104.9,,1.0,,247.35,com_turno,3.0
2026-05-01,NOITE,BHZ-MCL,MCL-BHZ,21,6,7.0,128,0.05,121,0.1477,0.0535,0.362,114.37,105.9,105.9,,105.9,100.605,1.0,0.95,241.9,com_turno,3.0
2026-05-01,NOITE,BHZ-RAO,BHZ-RAO,21,6,2.0,49,0.04,47,0.0939,0.0408,0.4348,134.69333333333333,165.9,168.9,,168.9,,1.016,,,com_turno,2.0
2026-05-01,NOITE,BHZ-RAO,RAO-BHZ,21,6,5.0,60,0.08,55,0.0713,0.0631,0.8849,136.75333333333333,165.9,166.9,,166.9,,1.002,,,com_turno,3.0
2026-05-01,NOITE,BHZ-RIO,BHZ-RIO,21,6,55.0,302,0.18,247,0.4748,0.182,0.3833,156.91333333333333,111.9,128.9,,128.9,,1.146,,124.263,com_turno,3.0
2026-05-01,NOITE,BHZ-RIO,RIO-BHZ,21,6,11.0,299,0.04,288,0.1027,0.0209,0.2039,112.42666666666666,104.9,104.9,,104.9,99.65500000000002,1.0,0.9500000000000001,116.218,com_turno,3.0
2026-05-01,NOITE,BHZ-SAO,BHZ-SAO,21,6,30.0,358,0.08,328,0.1703,0.0713,0.4189,118.83999999999999,130.9,130.9,,130.9,124.35500000000002,1.0,0.9500000000000001,209.847,com_turno,3.0
2026-05-01,NOITE,BHZ-SAO,SAO-BHZ,21,6,24.0,311,0.08,287,0.1618,0.0803,0.496,115.19,125.9,127.9,,127.9,,1.012,,171.254,com_turno,3.0
2026-05-01,NOITE,BHZ-SJK,BHZ-SJK,21,6,4.0,120,0.03,116,0.1155,0.0292,0.2527,144.535,136.9,136.9,,136.9,123.21000000000001,1.0,0.9,,com_turno,2.0
2026-05-01,NOITE,BHZ-SJK,SJK-BHZ,21,6,,44,,44,0.3522,0.0,0.0,142.68,136.9,149.9,,149.9,142.405,1.093,0.95,,com_turno,1.0
2026-05-01,NOITE,BHZ-UDI,BHZ-UDI,21,6,4.0,101,0.04,97,0.0459,0.0203,0.442,79.27,131.9,131.9,,131.9,125.30499999999999,1.0,0.95,92.723,com_turno,3.0
2026-05-01,NOITE,BHZ-UDI,UDI-BHZ,21,6,5.0,102,0.05,97,0.1526,0.0547,0.3586,124.225,145.9,145.9,,145.9,138.605,1.0,0.95,91.708,com_turno,3.0
2026-05-01,NOITE,BHZ-VIX,BHZ-VIX,21,6,21.0,261,0.08,240,0.1619,0.0702,0.4335,106.87333333333333,121.9,124.9,,124.9,112.41000000000001,1.022,0.9,171.547,com_turno,3.0
2026-05-01,NOITE,BHZ-VIX,VIX-BHZ,21,6,38.0,308,0.12,270,0.2067,0.156,0.7544,116.59333333333332,115.9,115.9,,115.9,103.97885714285717,1.0,0.8971428571428574,166.653,com_turno,3.0
2026-05-01,NOITE,BOA-MAN,BOA-MAN,21,6,7.0,43,0.16,36,0.0966,0.1628,1.685,,213.9,235.9,,235.9,,1.1,,325.28,com_turno,2.0
2026-05-01,NOITE,BOA-MAN,MAN-BOA,21,6,4.0,42,0.1,38,0.2126,0.0952,0.4479,,162.9,186.9,,186.9,,1.147,,321.269,com_turno,2.0
2026-05-01,NOITE,BRU-SAO,BRU-SAO,21,6,0.0,42,0.0,42,0.0806,0.0,0.0,,114.9,114.9,,114.9,,1.0,,156.053,com_turno,2.0
2026-05-01,NOITE,CAB-JDF,CAB-JDF,21,6,,46,,46,0.021,0.0,0.0,,64.9,93.9,,93.9,,1.434,,,com_turno,1.0
2026-05-01,NOITE,CAB-JDF,JDF-CAB,21,6,11.0,46,0.24,35,0.0903,0.2308,2.5559,,79.9,79.9,,79.9,83.89500000000001,1.0,1.05,,com_turno,1.0
2026-05-01,NOITE,CAB-RIO,CAB-RIO,21,6,1.0,46,0.02,45,0.0527,0.0202,0.3826,,41.9,41.9,,41.9,,1.0,,,com_turno,2.0
2026-05-01,NOITE,CAB-RIO,RIO-CAB,21,6,4.0,92,0.04,88,0.0816,0.0403,0.4932,,50.9,59.9,,59.9,,1.163,,,com_turno,1.0
2026-05-01,NOITE,CAB-SAO,CAB-SAO,21,6,18.0,133,0.14,115,0.1103,0.1628,1.4767,160.52333333333334,116.9,135.9,,135.9,129.105,1.156,0.95,,com_turno,3.0
2026-05-01,NOITE,CAB-SAO,SAO-CAB,21,6,11.0,133,0.08,122,0.2092,0.1068,0.5105,129.56,136.9,160.9,,160.9,145.21225,1.173,0.9025,,com_turno,3.0
2026-05-01,NOITE,CAB-VIX,CAB-VIX,21,6,4.0,52,0.08,48,0.0533,0.0676,1.2677,64.44,100.9,114.9,,114.9,,1.132,,,com_turno,2.0
2026-05-01,NOITE,CAB-VIX,VIX-CAB,21,6,5.0,44,0.11,39,0.1508,0.112,0.7426,,127.9,128.9,,128.9,,1.007,,,com_turno,2.0
2026-05-01,NOITE,CDG-RIO,CDG-RIO,21,6,11.0,46,0.24,35,0.118,0.2298,1.948,,68.9,76.9,,76.9,80.745,1.103,1.05,155.668,com_turno,3.0
2026-05-01,NOITE,CDG-RIO,RIO-CDG,21,6,7.0,46,0.15,39,0.0682,0.1507,2.2102,,68.9,68.9,,68.9,72.34500000000001,1.0,1.05,,com_turno,2.0
2026-05-01,NOITE,CGR-SAO,CGR-SAO,21,6,9.0,60,0.15,51,0.1842,0.1373,0.7455,156.38333333333335,149.9,163.9,,163.9,163.49025,1.091,0.9974999999999999,305.0,com_turno,3.0
2026-05-01,NOITE,CMP-GUR,CMP-GUR,21,6,,45,,45,0.0,0.0,0.0,,93.9,98.9,,98.9,,1.046,,,sem_match,
2026-05-01,NOITE,CMP-RIO,CMP-RIO,21,6,19.0,60,0.32,41,0.5249,0.2968,0.5655,121.31,103.9,129.9,,129.9,,1.244,,210.87,com_turno,3.0
2026-05-01,NOITE,CMP-RIO,RIO-CMP,21,6,4.0,44,0.09,40,0.1263,0.0758,0.6007,91.46,94.9,98.9,,98.9,96.922,1.04,0.98,203.22,com_turno,3.0
2026-05-01,NOITE,CMP-SAO,CMP-SAO,21,6,4.0,92,0.04,88,0.029,0.0435,1.5,26.27,43.9,43.9,,43.9,,1.0,,55.604,com_turno,2.0
2026-05-01,NOITE,CMP-SAO,SAO-CMP,21,6,6.0,138,0.04,132,0.0217,0.0255,1.1751,,41.9,42.9,,42.9,,1.005,,55.543,com_turno,1.0
2026-05-01,NOITE,CPC-FLN,CPC-FLN,21,6,18.0,250,0.07,232,0.1588,0.0544,0.3425,,148.9,151.9,,151.9,144.305,1.018,0.9500000000000001,,com_turno,3.0
2026-05-01,NOITE,CPC-FLN,FLN-CPC,21,6,19.0,245,0.08,226,0.1164,0.0661,0.568,,148.9,148.9,,148.9,,1.0,,,com_turno,3.0
2026-05-01,NOITE,CRG-SAO,SAO-CRG,21,6,0.0,46,0.0,46,0.0303,0.0,0.0,,55.9,65.9,,65.9,,1.177,,,com_turno,2.0
2026-05-01,NOITE,GVS-SAO,SAO-GVS,21,6,12.0,64,0.19,52,0.1358,0.1563,1.1513,112.18,130.9,148.9,,148.9,,1.131,,294.445,com_turno,2.0
2026-05-01,NOITE,GYN-SAO,GYN-SAO,21,6,4.0,60,0.07,56,0.0468,0.0552,1.1816,158.81333333333333,135.9,159.9,,159.9,151.905,1.17,0.95,253.814,com_turno,3.0
2026-05-01,NOITE,GYN-SAO,SAO-GYN,21,6,5.0,60,0.08,55,0.0631,0.0772,1.2225,124.13333333333333,135.9,135.9,,135.9,,1.0,,290.99,com_turno,3.0
2026-05-01,NOITE,IPA-VIX,IPA-VIX,21,6,4.0,80,0.05,76,0.0947,0.0461,0.4871,99.03999999999999,139.9,149.9,,149.9,134.91,1.067,0.9,,com_turno,2.0
2026-05-01,NOITE,IPA-VIX,VIX-IPA,21,6,2.0,80,0.03,78,0.1828,0.0198,0.1081,104.2,133.9,153.9,,153.9,,1.145,,,com_turno,3.0
2026-05-01,NOITE,JDF-SAO,JDF-SAO,21,6,3.0,102,0.03,99,0.1186,0.0309,0.2603,157.88,115.9,120.9,,120.9,114.855,1.044,0.95,222.468,com_turno,3.0
2026-05-01,NOITE,JDF-SAO,SAO-JDF,21,6,9.0,120,0.08,111,0.0417,0.0612,1.4682,130.825,142.9,142.9,,142.9,,1.0,,197.972,com_turno,3.0
2026-05-01,NOITE,MCE-RIO,MCE-RIO,21,6,4.0,44,0.09,40,0.237,0.088,0.3714,,49.9,49.9,,49.9,,1.0,,,com_turno,1.0
2026-05-01,NOITE,MCE-RIO,RIO-MCE,21,6,6.0,46,0.13,40,0.0194,0.1194,6.1539,,49.9,49.9,,49.9,,1.0,,,com_turno,1.0
2026-05-01,NOITE,MCE-SAO,MCE-SAO,21,6,12.0,44,0.27,32,0.1581,0.2727,1.725,118.31,147.9,154.9,,154.9,,1.044,,,com_turno,1.0
2026-05-01,NOITE,MCE-SAO,SAO-MCE,21,6,5.0,44,0.11,39,0.2633,0.1116,0.4238,112.47,133.9,133.9,,133.9,,1.0,,,com_turno,1.0
2026-05-01,NOITE,MCL-RIO,RIO-MCL,21,6,1.0,58,0.02,57,0.107,0.0172,0.1611,136.345,180.9,180.9,,180.9,,1.0,,,com_turno,2.0
2026-05-01,NOITE,OLP-SAO,OLP-SAO,21,6,5.0,46,0.11,41,0.0337,0.1038,3.0795,,127.9,127.9,,127.9,,1.0,,217.85,com_turno,1.0
2026-05-01,NOITE,OLP-SAO,SAO-OLP,21,6,7.0,46,0.15,39,0.0181,0.1398,7.7409,75.13,133.9,133.9,,133.9,140.595,1.0,1.05,226.6,com_turno,2.0
2026-05-01,NOITE,PAS-SAO,PAS-SAO,21,6,5.0,46,0.11,41,0.0242,0.071,2.9311,79.4,114.9,114.9,,114.9,,1.0,,,com_turno,1.0
2026-05-01,NOITE,PAS-SAO,SAO-PAS,21,6,1.0,46,0.02,45,0.0435,0.0217,0.5,,108.9,108.9,,108.9,,1.0,,,com_turno,1.0
2026-05-01,NOITE,PNV-SAO,SAO-PNV,21,6,9.0,44,0.2,35,0.0402,0.1876,4.6665,151.85999999999999,167.9,188.9,,188.9,,1.121,,274.89,com_turno,3.0
2026-05-01,NOITE,QAK-SAO,QAK-SAO,21,6,3.0,44,0.07,41,0.1051,0.0482,0.458,150.365,136.9,144.9,,144.9,,1.054,,299.0,com_turno,2.0
2026-05-01,NOITE,QAK-SAO,SAO-QAK,21,6,8.0,60,0.13,52,0.0,0.1187,0.0,142.34,136.9,136.9,,136.9,,1.0,,167.0,sem_match,
2026-05-01,NOITE,QDC-SAO,QDC-SAO,21,6,4.0,45,0.09,41,0.1012,0.0526,0.52,129.57999999999998,183.9,183.9,,183.9,,1.0,,292.99,com_turno,3.0
2026-05-01,NOITE,QDC-SAO,SAO-QDC,21,6,1.0,42,0.02,41,0.0625,0.0238,0.381,108.15,175.9,175.9,,175.9,,1.0,,297.12,com_turno,2.0
2026-05-01,NOITE,RAO-RIO,RIO-RAO,21,6,7.0,53,0.13,46,0.2011,0.1178,0.5861,146.095,167.9,186.9,,186.9,,1.111,,236.32,com_turno,2.0
2026-05-01,NOITE,RAO-SAO,RAO-SAO,21,6,8.0,139,0.06,131,0.0754,0.0553,0.7336,78.84333333333332,83.9,83.9,,83.9,79.705,1.0,0.9499999999999998,165.145,com_turno,3.0
2026-05-01,NOITE,RAO-SAO,SAO-RAO,21,6,12.0,223,0.05,211,0.0444,0.0588,1.3247,64.195,79.9,84.9,,84.9,,1.055,,165.143,com_turno,3.0
2026-05-01,NOITE,RIO-SAO,RIO-SAO,21,6,38.0,383,0.1,345,0.1598,0.097,0.6071,103.58,104.9,104.9,,104.9,,1.0,,122.542,com_turno,3.0
2026-05-01,NOITE,RIO-SAO,SAO-RIO,21,6,84.0,472,0.18,388,0.4231,0.1681,0.3973,149.10333333333332,109.9,133.9,,133.9,,1.216,,159.885,com_turno,3.0
2026-05-01,NOITE,RIO-STS,RIO-STS,21,6,1.0,56,0.02,55,0.1416,0.0179,0.1261,98.475,120.9,143.9,,143.9,136.705,1.185,0.95,248.0,com_turno,2.0
2026-05-01,NOITE,RIO-STS,STS-RIO,21,6,1.0,41,0.02,40,0.4612,0.0232,0.0504,143.535,132.9,194.9,,194.9,175.41,1.465,0.9,255.0,com_turno,2.0
2026-05-01,NOITE,RIO-UDI,RIO-UDI,21,6,5.0,56,0.09,51,0.1351,0.0779,0.5765,159.43999999999997,178.9,193.9,,193.9,201.656,1.083,1.04,265.99,com_turno,3.0
2026-05-01,NOITE,RIO-UDI,UDI-RIO,21,6,13.0,56,0.23,43,0.6533,0.2265,0.3466,187.65,216.9,229.9,,229.9,,1.058,,373.97,com_turno,3.0
2026-05-01,NOITE,RIO-VIX,RIO-VIX,21,6,5.0,133,0.04,128,0.0837,0.0371,0.4434,116.37,111.9,111.9,,111.9,106.30499999999999,1.0,0.9499999999999998,246.27,com_turno,3.0
2026-05-01,NOITE,RIO-VIX,VIX-RIO,21,6,10.0,136,0.07,126,0.3198,0.0761,0.238,138.5,116.9,121.9,,121.9,,1.036,,185.468,com_turno,3.0
2026-05-01,NOITE,SAO-SJK,SAO-SJK,21,6,1.0,46,0.02,45,0.0358,0.0199,0.5571,,32.9,34.9,,34.9,,1.036,,52.191,sem_turno,
2026-05-01,NOITE,SAO-SJK,SJK-SAO,21,6,,46,,46,0.0361,0.0,0.0,,32.9,32.9,,32.9,,1.0,,44.725,sem_turno,
2026-05-01,NOITE,SAO-SJP,SAO-SJP,21,6,13.0,231,0.06,218,0.0616,0.0616,1.0003,87.10333333333334,109.9,109.9,,109.9,,1.0,,177.098,com_turno,3.0
2026-05-01,NOITE,SAO-SJP,SJP-SAO,21,6,11.0,229,0.05,218,0.0687,0.06,0.8734,105.06,114.9,114.9,,114.9,,1.0,,161.341,com_turno,3.0
2026-05-01,NOITE,SAO-UDI,SAO-UDI,21,6,3.0,43,0.07,40,0.069,0.0698,1.0118,,131.9,139.9,,139.9,,1.056,,166.982,com_turno,3.0
2026-05-01,NOITE,SAO-UDI,UDI-SAO,21,6,7.0,43,0.16,36,0.085,0.1628,1.9142,,119.9,139.9,,139.9,139.55025,1.165,0.9974999999999999,179.263,com_turno,3.0
2026-05-01,NOITE,SAO-VIX,SAO-VIX,21,6,,43,,43,0.2225,0.0,0.0,,196.9,196.9,,196.9,,1.0,,389.99,com_turno,2.0
2026-05-01,NOITE,SAO-VIX,VIX-SAO,21,6,3.0,43,0.07,40,0.1422,0.0682,0.4795,,236.9,238.9,,238.9,,1.009,,391.65,com_turno,3.0
2026-05-01,TARDE,BAT-SAO,BAT-SAO,21,6,3.0,46,0.07,43,0.0461,0.0421,0.914,73.55,129.9,135.9,,135.9,,1.046,,229.4,com_turno,2.0
2026-05-01,TARDE,BHZ-DTI,BHZ-DTI,21,6,4.0,45,0.09,41,0.0652,0.076,1.1651,61.114999999999995,109.9,125.9,,125.9,,1.145,,177.84,com_turno,2.0
2026-05-01,TARDE,BHZ-IPA,BHZ-IPA,21,6,5.0,132,0.04,127,0.0075,0.0305,4.0784,52.4,84.9,113.9,,113.9,,1.331,,,com_turno,1.0
2026-05-01,TARDE,BHZ-IPA,IPA-BHZ,21,6,5.0,134,0.04,129,0.046,0.0374,0.8133,,115.9,115.9,,115.9,110.10499999999999,1.0,0.9499999999999998,,com_turno,2.0
2026-05-01,TARDE,BHZ-MCL,BHZ-MCL,21,6,8.0,64,0.13,56,0.0751,0.0932,1.2411,56.44,120.9,120.9,,120.9,,1.0,,141.99,com_turno,1.0
2026-05-01,TARDE,BHZ-MCL,MCL-BHZ,21,6,4.0,64,0.06,60,0.0809,0.0625,0.7725,83.04,126.9,126.9,,126.9,,1.0,,154.1,com_turno,2.0
2026-05-01,TARDE,BHZ-RIO,BHZ-RIO,21,6,9.0,45,0.2,36,0.4714,0.1903,0.4037,173.0,121.9,161.9,,161.9,,1.324,,86.327,sem_turno,
2026-05-01,TARDE,BHZ-RIO,RIO-BHZ,21,6,3.0,45,0.07,42,0.0444,0.0484,1.0883,,95.9,115.9,,115.9,,1.201,,103.323,com_turno,1.0
2026-05-01,TARDE,BHZ-SJK,SJK-BHZ,21,6,11.0,60,0.18,49,0.1424,0.1655,1.1623,159.6,116.9,125.9,,125.9,,1.078,,,com_turno,1.0
2026-05-01,TARDE,BRU-SAO,SAO-BRU,21,6,,46,,46,0.0588,0.0,0.0,,79.9,87.9,,87.9,,1.101,,163.246,sem_turno,
2026-05-01,TARDE,CAB-JDF,CAB-JDF,21,6,0.0,46,0.0,46,0.043,0.0,0.0,,68.9,75.9,,75.9,,1.097,,,com_turno,1.0
2026-05-01,TARDE,CAB-JDF,JDF-CAB,21,6,18.0,46,0.39,28,0.058,0.3683,6.3533,,75.9,83.9,,83.9,,1.1,,,com_turno,1.0
2026-05-01,TARDE,CAB-RIO,CAB-RIO,21,6,2.0,46,0.04,44,0.0717,0.039,0.5436,,41.9,41.9,,41.9,,1.0,,,com_turno,2.0
2026-05-01,TARDE,CGR-SAO,CGR-SAO,21,6,6.0,60,0.1,54,0.2093,0.0942,0.45,,157.9,169.9,,169.9,,1.076,,342.813,com_turno,1.0
2026-05-01,TARDE,CGR-SAO,SAO-CGR,21,6,14.0,120,0.12,106,0.1135,0.1036,0.9133,153.62,149.9,149.9,,149.9,,1.0,,299.0,com_turno,3.0
2026-05-01,TARDE,CMP-SAO,CMP-SAO,21,6,15.0,230,0.07,215,0.0226,0.0468,2.0725,26.51,34.9,46.9,,46.9,,1.335,,55.662,com_turno,3.0
2026-05-01,TARDE,CMP-SAO,SAO-CMP,21,6,6.0,184,0.03,178,0.0439,0.026,0.5916,26.09,37.9,45.9,,45.9,,1.203,,54.93,com_turno,3.0
2026-05-01,TARDE,CMP-SJK,CMP-SJK,21,6,0.0,46,0.0,46,0.0072,0.0,0.0,,41.9,44.9,,44.9,,1.064,,,com_turno,1.0
2026-05-01,TARDE,CRG-SAO,CRG-SAO,21,6,6.0,136,0.04,130,0.0492,0.0354,0.7189,37.56,40.9,40.9,,40.9,,1.0,,,com_turno,1.0
2026-05-01,TARDE,GVS-SAO,GVS-SAO,21,6,6.0,56,0.11,50,0.0545,0.099,1.8165,,157.9,171.9,,171.9,,1.089,,308.852,sem_turno,
2026-05-01,TARDE,MCL-RIO,MCL-RIO,21,6,10.0,60,0.17,50,0.3517,0.1327,0.3773,170.4,210.9,210.9,,210.9,,1.0,,,com_turno,2.0
2026-05-01,TARDE,MCL-SAO,MCL-SAO,21,6,12.0,64,0.19,52,0.1399,0.0956,0.6831,117.485,158.9,209.9,,209.9,,1.316,,256.102,com_turno,2.0
2026-05-01,TARDE,MCL-SAO,SAO-MCL,21,6,14.0,64,0.22,50,0.1121,0.1435,1.2804,131.265,150.9,150.9,173.9,173.9,,1.152,,249.363,com_turno,3.0
2026-05-01,TARDE,PNV-SAO,PNV-SAO,21,6,0.0,45,0.0,45,0.0986,0.0,0.0,152.04999999999998,159.9,166.9,,166.9,158.555,1.039,0.95,259.89,com_turno,3.0
2026-05-01,TARDE,RAO-RIO,RAO-RIO,21,6,23.0,53,0.43,30,0.8089,0.4155,0.5136,175.185,174.9,189.9,,189.9,208.89000000000001,1.082,1.1,,com_turno,2.0
2026-05-01,TARDE,RAO-SAO,RAO-SAO,21,6,12.0,229,0.05,217,0.0481,0.0463,0.9634,63.010000000000005,79.9,82.9,,82.9,82.69275,1.039,0.9974999999999999,162.32,com_turno,3.0
2026-05-01,TARDE,RAO-SAO,SAO-RAO,21,6,9.0,195,0.05,186,0.0453,0.0355,0.7845,63.00333333333333,79.9,91.9,,91.9,,1.15,,168.422,com_turno,3.0
2026-05-01,TARDE,RIO-SAO,RIO-SAO,21,6,3.0,138,0.02,135,0.0615,0.0232,0.3768,82.85,89.9,138.9,,138.9,,1.542,,128.809,com_turno,2.0
2026-05-01,TARDE,RIO-SAO,SAO-RIO,21,6,3.0,78,0.04,75,0.687,0.026,0.0379,142.64,134.9,296.9,,296.9,,2.2,,161.789,com_turno,2.0
2026-05-01,TARDE,SAO-SJK,SAO-SJK,21,6,,46,,46,0.0435,0.0,0.0,,30.9,42.9,,42.9,,1.375,,52.9,com_turno,2.0
2026-05-01,TARDE,SAO-SJK,SJK-SAO,21,6,,46,,46,0.0361,0.0,0.0,,30.9,32.9,,32.9,,1.067,,46.025,sem_turno,
2026-05-01,TARDE,SAO-SJP,SAO-SJP,21,6,13.0,90,0.14,77,0.0426,0.1365,3.2055,79.06,98.9,124.9,,124.9,,1.259,,208.975,com_turno,2.0
2026-05-01,TARDE,SAO-SJP,SJP-SAO,21,6,2.0,42,0.05,40,0.0476,0.0385,0.8086,68.12,98.9,99.9,,99.9,,1.008,,205.957,com_turno,2.0
2026-05-01,TARDE,SAO-VIX,SAO-VIX,21,6,17.0,102,0.17,85,0.066,0.133,2.0142,147.635,155.9,155.9,,155.9,,1.0,,400.64,com_turno,3.0
2026-05-01,TARDE,SAO-VIX,VIX-SAO,21,6,7.0,102,0.07,95,0.1464,0.0464,0.3168,160.345,180.9,218.9,,218.9,,1.207,,395.64,com_turno,3.0
2026-05-02,MADRUGADA,CMP-SAO,CMP-SAO,22,7,1.0,46,0.02,45,0.0148,0.0148,1.0,,27.9,27.9,,27.9,,1.0,,56.037,com_turno,2.0
2026-05-02,MADRUGADA,RAO-SAO,RAO-SAO,22,7,12.0,99,0.12,87,0.1806,0.0883,0.4892,,79.9,79.9,,79.9,79.70025,1.0,0.9974999999999999,164.953,com_turno,3.0
2026-05-02,MADRUGADA,RAO-SAO,SAO-RAO,22,7,0.0,46,0.0,46,0.0566,0.0,0.0,,79.9,79.9,,79.9,75.905,1.0,0.95,,com_turno,3.0
2026-05-02,MADRUGADA,RIO-SAO,RIO-SAO,22,7,1.0,43,0.02,42,0.1167,0.0233,0.1993,,148.9,165.9,,165.9,157.605,1.113,0.95,164.712,com_turno,2.0
2026-05-02,MADRUGADA,RIO-SAO,SAO-RIO,22,7,12.0,56,0.21,44,1.0186,0.2143,0.2104,,109.9,134.9,,134.9,,1.224,,169.738,com_turno,3.0
2026-05-02,MANHA,BAT-SAO,BAT-SAO,22,7,4.0,45,0.09,41,0.0373,0.0804,2.1589,,116.9,120.9,,120.9,,1.034,,199.95,com_turno,2.0
2026-05-02,MANHA,BAT-SAO,SAO-BAT,22,7,3.0,45,0.07,42,0.018,0.0667,3.7073,,116.9,116.9,,116.9,,1.0,,229.175,com_turno,1.0
2026-05-02,MANHA,BHZ-DTI,BHZ-DTI,22,7,1.0,46,0.02,45,0.1788,0.0126,0.0705,64.59666666666668,104.9,104.9,,104.9,,1.0,,177.84,com_turno,3.0
2026-05-02,MANHA,BHZ-DTI,DTI-BHZ,22,7,6.0,42,0.14,36,0.0485,0.1429,2.9455,65.60333333333334,104.9,110.9,,110.9,,1.051,,170.69,com_turno,3.0
2026-05-02,MANHA,BHZ-IPA,BHZ-IPA,22,7,4.0,133,0.03,129,0.0939,0.0227,0.2416,67.515,72.9,72.9,,72.9,,1.0,,,com_turno,2.0
2026-05-02,MANHA,BHZ-IPA,IPA-BHZ,22,7,8.0,131,0.06,123,0.0608,0.0543,0.8942,70.69666666666666,76.9,86.9,,86.9,,1.128,,,com_turno,3.0
2026-05-02,MANHA,BHZ-MCL,BHZ-MCL,22,7,2.0,64,0.03,62,0.1018,0.0313,0.3069,83.68333333333334,86.9,86.9,,86.9,,1.0,,188.82,com_turno,2.0
2026-05-02,MANHA,BHZ-MCL,MCL-BHZ,22,7,11.0,64,0.17,53,0.06,0.1701,2.8356,96.06666666666666,91.9,103.9,,103.9,109.09500000000001,1.128,1.05,183.37,com_turno,2.0
2026-05-02,MANHA,BHZ-RIO,BHZ-RIO,22,7,5.0,60,0.08,55,0.4483,0.0595,0.1326,146.41666666666666,90.9,108.9,,108.9,,1.193,,89.968,com_turno,3.0
2026-05-02,MANHA,BHZ-RIO,RIO-BHZ,22,7,2.0,60,0.03,58,0.0598,0.0333,0.5577,101.26333333333334,90.9,94.9,,94.9,,1.041,,89.99,com_turno,3.0
2026-05-02,MANHA,BRU-SAO,BRU-SAO,22,7,1.0,46,0.02,45,0.0764,0.0217,0.2846,72.35666666666667,83.9,83.9,,83.9,,1.0,,159.753,com_turno,3.0
2026-05-02,MANHA,BRU-SAO,SAO-BRU,22,7,8.0,42,0.19,34,0.0339,0.13,3.8323,,71.9,71.9,,71.9,,1.0,,165.641,com_turno,1.0
2026-05-02,MANHA,CAB-RIO,CAB-RIO,22,7,9.0,46,0.2,37,0.0705,0.1799,2.5507,,45.9,45.9,,45.9,50.60475,1.0,1.1025,,com_turno,3.0
2026-05-02,MANHA,CAB-RIO,RIO-CAB,22,7,4.0,92,0.04,88,0.0951,0.0416,0.4371,,48.9,51.9,,51.9,,1.058,,,com_turno,3.0
2026-05-02,MANHA,CDG-RIO,CDG-RIO,22,7,8.0,46,0.17,38,0.3241,0.1739,0.5365,,68.9,68.9,,68.9,,1.0,,147.051,com_turno,3.0
2026-05-02,MANHA,CDG-RIO,RIO-CDG,22,7,2.0,46,0.04,44,0.0434,0.0435,1.0009,,68.9,77.9,,77.9,,1.125,,,com_turno,3.0
2026-05-02,MANHA,CMP-SAO,CMP-SAO,22,7,13.0,184,0.07,171,0.0346,0.052,1.5033,,35.9,35.9,,35.9,,1.0,,55.605,com_turno,3.0
2026-05-02,MANHA,CMP-SAO,SAO-CMP,22,7,5.0,184,0.03,179,0.035,0.022,0.6303,21.69,32.9,32.9,,32.9,,1.0,,54.244,com_turno,3.0
2026-05-02,MANHA,CMP-SJK,SJK-CMP,22,7,,46,,46,0.0074,0.0,0.0,,41.9,41.9,,41.9,,1.0,,,sem_turno,
2026-05-02,MANHA,CRG-SAO,CRG-SAO,22,7,2.0,46,0.04,44,0.0926,0.0435,0.4697,,43.9,45.9,,45.9,,1.037,,,com_turno,3.0
2026-05-02,MANHA,CRG-SAO,SAO-CRG,22,7,5.0,136,0.04,131,0.1759,0.0252,0.1435,59.28666666666667,50.9,50.9,,50.9,,1.0,,,com_turno,3.0
2026-05-02,MANHA,JDF-SAO,JDF-SAO,22,7,,64,,64,0.1529,0.0,0.0,,115.9,140.9,,140.9,,1.21,,209.99,sem_turno,
2026-05-02,MANHA,MCE-RIO,MCE-RIO,22,7,2.0,46,0.04,44,0.0744,0.0435,0.5843,,49.9,55.9,,55.9,,1.112,,,com_turno,3.0
2026-05-02,MANHA,MCE-RIO,RIO-MCE,22,7,1.0,44,0.02,43,0.0192,0.0198,1.0341,,49.9,59.9,,59.9,,1.184,,,sem_turno,
2026-05-02,MANHA,RAO-SAO,RAO-SAO,22,7,12.0,138,0.09,126,0.07,0.0576,0.8235,65.685,75.9,76.9,,76.9,,1.006,,155.3,com_turno,3.0
2026-05-02,MANHA,RAO-SAO,SAO-RAO,22,7,14.0,183,0.08,169,0.0925,0.0674,0.7287,77.86333333333333,75.9,75.9,,75.9,,1.0,,173.03,com_turno,3.0
2026-05-02,MANHA,RIO-SAO,RIO-SAO,22,7,11.0,126,0.09,115,0.1105,0.0949,0.8588,83.21666666666667,84.9,96.9,,96.9,,1.14,,177.769,com_turno,3.0
2026-05-02,MANHA,RIO-SAO,SAO-RIO,22,7,17.0,124,0.14,107,0.7705,0.1431,0.1857,135.29,84.9,87.9,,87.9,,1.028,,172.917,com_turno,3.0
2026-05-02,MANHA,SAO-SJK,SAO-SJK,22,7,2.0,92,0.02,90,0.0204,0.0203,0.9959,,30.9,30.9,,30.9,,1.0,,52.3,com_turno,1.0
2026-05-02,MANHA,SAO-SJK,SJK-SAO,22,7,3.0,92,0.03,89,0.0361,0.0326,0.9026,,30.9,30.9,,30.9,,1.0,,46.025,com_turno,3.0
2026-05-02,MANHA,SAO-SJP,SAO-SJP,22,7,11.0,90,0.12,79,0.0371,0.1006,2.7097,91.84999999999998,93.9,115.9,,115.9,,1.226,,192.083,com_turno,3.0
2026-05-02,MANHA,SAO-SJP,SJP-SAO,22,7,8.0,132,0.06,124,0.0648,0.0423,0.6521,75.57000000000001,93.9,103.9,,103.9,,1.099,,189.418,com_turno,3.0
2026-05-02,NOITE,ARB-SAO,ARB-SAO,22,7,7.0,153,0.05,146,0.1048,0.0289,0.2753,119.74333333333334,116.9,151.9,,151.9,144.30499999999998,1.297,0.9499999999999998,175.0,com_turno,3.0
2026-05-02,NOITE,ARB-SAO,SAO-ARB,22,7,20.0,159,0.13,139,0.0679,0.1081,1.5918,116.39999999999999,111.9,119.9,,119.9,,1.068,,174.41,com_turno,3.0
2026-05-02,NOITE,BHZ-BSB,BHZ-BSB,22,7,4.0,45,0.09,41,0.3556,0.0889,0.25,,135.9,164.9,,164.9,,1.211,,275.508,com_turno,1.0
2026-05-02,NOITE,BHZ-BSB,BSB-BHZ,22,7,9.0,45,0.2,36,0.1169,0.2,1.7111,,135.9,149.9,,149.9,175.383,1.099,1.17,308.647,com_turno,2.0
2026-05-02,NOITE,BHZ-CAB,BHZ-CAB,22,7,23.0,103,0.22,80,0.1325,0.2273,1.7149,138.89,143.9,143.9,165.9,165.9,,1.153,,143.233,com_turno,3.0
2026-05-02,NOITE,BHZ-CAB,CAB-BHZ,22,7,28.0,118,0.24,90,0.2014,0.2327,1.1553,158.36666666666667,150.9,220.9,,220.9,,1.458,,173.233,com_turno,3.0
2026-05-02,NOITE,BHZ-CMP,BHZ-CMP,22,7,1.0,43,0.02,42,0.1171,0.02,0.1706,113.89,139.9,210.9,,210.9,200.355,1.504,0.95,,com_turno,3.0
2026-05-02,NOITE,BHZ-CMP,CMP-BHZ,22,7,7.0,40,0.18,33,0.0986,0.1518,1.5393,97.9,154.9,204.9,,204.9,,1.319,,,com_turno,3.0
2026-05-02,NOITE,BHZ-IPA,BHZ-IPA,22,7,1.0,46,0.02,45,0.0381,0.0217,0.5711,60.185,72.9,94.9,,94.9,,1.295,,,com_turno,1.0
2026-05-02,NOITE,BHZ-IPA,IPA-BHZ,22,7,5.0,45,0.11,40,0.0391,0.0809,2.0686,,84.9,98.9,,98.9,,1.161,,,com_turno,3.0
2026-05-02,NOITE,BHZ-MCL,BHZ-MCL,22,7,1.0,64,0.02,63,0.0993,0.0156,0.1574,95.19333333333333,91.9,94.9,,94.9,,1.028,,141.99,com_turno,3.0
2026-05-02,NOITE,BHZ-MCL,MCL-BHZ,22,7,9.0,64,0.14,55,0.142,0.1406,0.99,114.37,100.9,128.9,,128.9,,1.271,,202.88,com_turno,3.0
2026-05-02,NOITE,BHZ-RAO,BHZ-RAO,22,7,9.0,60,0.15,51,0.0939,0.1388,1.4786,134.69333333333333,135.9,137.9,,137.9,,1.012,,,com_turno,2.0
2026-05-02,NOITE,BHZ-RAO,RAO-BHZ,22,7,3.0,49,0.06,46,0.0757,0.0488,0.645,136.75333333333333,135.9,158.9,,158.9,,1.167,,,com_turno,2.0
2026-05-02,NOITE,BHZ-RIO,BHZ-RIO,22,7,2.0,128,0.02,126,0.4584,0.0127,0.0278,156.91333333333333,111.9,114.9,,114.9,109.15499999999999,1.024,0.9499999999999998,82.847,com_turno,3.0
2026-05-02,NOITE,BHZ-RIO,RIO-BHZ,22,7,16.0,145,0.11,129,0.1013,0.1075,1.0609,112.42666666666666,111.9,178.9,,178.9,,1.599,,89.99,com_turno,3.0
2026-05-02,NOITE,BHZ-SAO,BHZ-SAO,22,7,26.0,86,0.3,60,0.1518,0.3187,2.0997,118.83999999999999,107.9,109.9,120.9,120.9,139.63949999999997,1.12,1.1549999999999998,218.774,com_turno,3.0
2026-05-02,NOITE,BHZ-SAO,SAO-BHZ,22,7,41.0,131,0.31,90,0.1523,0.3575,2.3475,115.19,118.9,145.9,153.9,153.9,177.48453375,1.294,1.1532458333333333,197.628,com_turno,3.0
2026-05-02,NOITE,BHZ-SJK,BHZ-SJK,22,7,4.0,44,0.09,40,0.1027,0.0838,0.816,144.535,103.9,110.9,,110.9,,1.064,,,com_turno,2.0
2026-05-02,NOITE,BHZ-SJK,SJK-BHZ,22,7,4.0,60,0.07,56,0.3522,0.0635,0.1803,142.68,103.9,111.9,,111.9,,1.072,,,com_turno,1.0
2026-05-02,NOITE,BHZ-UDI,BHZ-UDI,22,7,6.0,60,0.1,54,0.0459,0.0938,2.0436,79.27,118.9,128.9,,128.9,,1.084,,94.975,com_turno,3.0
2026-05-02,NOITE,BHZ-UDI,UDI-BHZ,22,7,11.0,60,0.18,49,0.1526,0.1802,1.1813,124.225,118.9,151.9,,151.9,159.495,1.278,1.05,117.8,com_turno,3.0
2026-05-02,NOITE,BHZ-VIX,BHZ-VIX,22,7,10.0,174,0.06,164,0.1528,0.0674,0.4407,106.87333333333333,104.9,109.9,,109.9,101.38275000000002,1.042,0.9225000000000001,183.181,com_turno,3.0
2026-05-02,NOITE,BHZ-VIX,VIX-BHZ,22,7,44.0,113,0.39,69,0.1898,0.334,1.7595,116.59333333333332,110.9,135.9,144.9,144.9,162.28799999999998,1.302,1.1199999999999999,165.948,com_turno,3.0
2026-05-02,NOITE,BOA-MAN,BOA-MAN,22,7,3.0,42,0.07,39,0.0966,0.0714,0.7393,,205.9,226.9,,226.9,,1.1,,320.78,com_turno,2.0
2026-05-02,NOITE,BOA-MAN,MAN-BOA,22,7,9.0,43,0.21,34,0.2014,0.1917,0.9517,,153.9,169.9,,169.9,186.89000000000001,1.1,1.1,324.38,com_turno,2.0
2026-05-02,NOITE,CAB-RIO,RIO-CAB,22,7,0.0,46,0.0,46,0.0816,0.0,0.0,,41.9,59.9,,59.9,,1.413,,,com_turno,1.0
2026-05-02,NOITE,CAB-SAO,CAB-SAO,22,7,15.0,45,0.33,30,0.1103,0.3292,2.986,160.52333333333334,171.9,203.9,226.9,226.9,,1.319,,,com_turno,3.0
2026-05-02,NOITE,CAB-SAO,SAO-CAB,22,7,11.0,47,0.23,36,0.1976,0.2319,1.1736,129.56,163.9,168.9,,168.9,,1.029,,,com_turno,3.0
2026-05-02,NOITE,CDG-RIO,CDG-RIO,22,7,2.0,46,0.04,44,0.118,0.0435,0.3685,,55.9,55.9,,55.9,,1.0,,147.63,com_turno,3.0
2026-05-02,NOITE,CDG-RIO,RIO-CDG,22,7,,46,,46,0.0455,0.0,0.0,,55.9,74.9,,74.9,,1.34,,,com_turno,2.0
2026-05-02,NOITE,CGR-SAO,CGR-SAO,22,7,8.0,60,0.13,52,0.1842,0.1235,0.6703,156.38333333333335,142.9,170.9,,170.9,,1.193,,391.145,com_turno,3.0
2026-05-02,NOITE,CMP-RIO,CMP-RIO,22,7,8.0,44,0.18,36,0.5213,0.1598,0.3066,121.31,80.9,94.9,,94.9,,1.165,,194.99,com_turno,3.0
2026-05-02,NOITE,CMP-RIO,RIO-CMP,22,7,5.0,60,0.08,55,0.1182,0.0833,0.705,91.46,80.9,93.9,,93.9,,1.161,,194.323,com_turno,3.0
2026-05-02,NOITE,CMP-SAO,CMP-SAO,22,7,,46,,46,0.029,0.0,0.0,26.27,31.9,31.9,,31.9,,1.0,,55.603,com_turno,2.0
2026-05-02,NOITE,CMP-SAO,SAO-CMP,22,7,10.0,184,0.05,174,0.0217,0.0453,2.0847,,31.9,31.9,,31.9,,1.0,,53.641,com_turno,1.0
2026-05-02,NOITE,CPC-FLN,CPC-FLN,22,7,5.0,80,0.06,75,0.1588,0.0588,0.3705,,159.9,207.9,,207.9,,1.298,,,com_turno,3.0
2026-05-02,NOITE,CPC-FLN,FLN-CPC,22,7,24.0,125,0.19,101,0.1103,0.147,1.3334,,175.9,216.9,,216.9,,1.229,,,com_turno,3.0
2026-05-02,NOITE,CRG-SAO,SAO-CRG,22,7,2.0,46,0.04,44,0.0354,0.0387,1.0934,,40.9,41.9,,41.9,,1.017,,,com_turno,1.0
2026-05-02,NOITE,IPA-VIX,IPA-VIX,22,7,0.0,40,0.0,40,0.0885,0.0,0.0,99.03999999999999,115.9,152.9,,152.9,145.255,1.319,0.95,,com_turno,2.0
2026-05-02,NOITE,IPA-VIX,VIX-IPA,22,7,13.0,40,0.33,27,0.1828,0.3201,1.7512,104.2,110.9,153.9,,153.9,201.99375,1.384,1.3125,,com_turno,3.0
2026-05-02,NOITE,JDF-SAO,JDF-SAO,22,7,2.0,60,0.03,58,0.1529,0.0333,0.218,157.88,104.9,126.9,,126.9,,1.21,,206.657,com_turno,3.0
2026-05-02,NOITE,JDF-SAO,SAO-JDF,22,7,7.0,60,0.12,53,0.0417,0.1167,2.8004,130.825,129.9,154.9,,154.9,,1.189,,224.99,com_turno,3.0
2026-05-02,NOITE,MCE-RIO,RIO-MCE,22,7,1.0,46,0.02,45,0.0194,0.0217,1.1204,,39.9,39.9,,39.9,,1.0,,,com_turno,1.0
2026-05-02,NOITE,PAS-SAO,PAS-SAO,22,7,6.0,46,0.13,40,0.0242,0.1304,5.388,79.4,87.9,87.9,,87.9,,1.0,,,com_turno,1.0
2026-05-02,NOITE,PAS-SAO,SAO-PAS,22,7,2.0,46,0.04,44,0.0435,0.0435,1.0,,92.9,92.9,,92.9,,1.0,,,com_turno,1.0
2026-05-02,NOITE,PNV-SAO,SAO-PNV,22,7,4.0,45,0.09,41,0.0402,0.0675,1.6786,151.85999999999999,151.9,177.9,,177.9,,1.165,,259.9,com_turno,3.0
2026-05-02,NOITE,QDC-SAO,QDC-SAO,22,7,1.0,42,0.02,41,0.0866,0.0238,0.2751,129.57999999999998,151.9,181.9,,181.9,,1.198,,292.99,com_turno,3.0
2026-05-02,NOITE,QDC-SAO,SAO-QDC,22,7,0.0,45,0.0,45,0.0625,0.0,0.0,108.15,151.9,156.9,,156.9,,1.027,,297.12,com_turno,2.0
2026-05-02,NOITE,RAO-SAO,RAO-SAO,22,7,13.0,139,0.09,126,0.0735,0.0716,0.9748,78.84333333333332,72.9,83.9,,83.9,,1.139,,155.3,com_turno,3.0
2026-05-02,NOITE,RAO-SAO,SAO-RAO,22,7,14.0,135,0.1,121,0.0437,0.0984,2.2501,64.195,72.9,74.9,,74.9,,1.015,,158.9,com_turno,3.0
2026-05-02,NOITE,RIO-SAO,RIO-SAO,22,7,35.0,244,0.14,209,0.1536,0.1588,1.0337,103.58,94.9,126.9,,126.9,,1.337,,124.624,com_turno,3.0
2026-05-02,NOITE,RIO-SAO,SAO-RIO,22,7,25.0,211,0.12,186,0.41,0.1076,0.2625,149.10333333333332,94.9,97.9,,97.9,,1.026,,139.707,com_turno,3.0
2026-05-02,NOITE,RIO-STS,RIO-STS,22,7,4.0,41,0.1,37,0.1416,0.0928,0.6558,98.475,108.9,108.9,,108.9,,1.0,,132.49,com_turno,2.0
2026-05-02,NOITE,RIO-STS,STS-RIO,22,7,6.0,56,0.11,50,0.4494,0.1021,0.2271,143.535,108.9,108.9,,108.9,,1.0,,141.49,com_turno,2.0
2026-05-02,NOITE,RIO-UDI,RIO-UDI,22,7,13.0,56,0.23,43,0.1334,0.1948,1.4603,159.43999999999997,178.9,191.9,230.9,230.9,242.44500000000002,1.289,1.05,265.99,com_turno,3.0
2026-05-02,NOITE,RIO-UDI,UDI-RIO,22,7,14.0,56,0.25,42,0.6421,0.1791,0.279,187.65,169.9,191.9,,191.9,,1.126,,373.97,com_turno,3.0
2026-05-02,NOITE,RIO-VIX,RIO-VIX,22,7,3.0,93,0.03,90,0.0809,0.0335,0.414,116.37,95.9,115.9,,115.9,110.105,1.207,0.95,242.864,com_turno,3.0
2026-05-02,NOITE,RIO-VIX,VIX-RIO,22,7,6.0,90,0.07,84,0.3123,0.0666,0.2132,138.5,95.9,120.9,,120.9,,1.254,,207.634,com_turno,3.0
2026-05-02,NOITE,SAO-SJK,SAO-SJK,22,7,1.0,46,0.02,45,0.0358,0.0217,0.6078,,27.9,27.9,,27.9,,1.0,,52.033,sem_turno,
2026-05-02,NOITE,SAO-SJK,SJK-SAO,22,7,,46,,46,0.0361,0.0,0.0,,26.9,29.9,,29.9,,1.1,,44.911,sem_turno,
2026-05-02,NOITE,SAO-SJP,SAO-SJP,22,7,5.0,98,0.05,93,0.0616,0.0607,0.9848,87.10333333333334,103.9,129.9,,129.9,,1.244,,173.228,com_turno,3.0
2026-05-02,NOITE,SAO-SJP,SJP-SAO,22,7,6.0,102,0.06,96,0.0617,0.0591,0.9586,105.06,103.9,122.9,,122.9,,1.183,,162.635,com_turno,3.0
2026-05-02,NOITE,SAO-UDI,SAO-UDI,22,7,7.0,43,0.16,36,0.069,0.1585,2.2987,,159.9,202.9,,202.9,,1.264,,157.984,com_turno,3.0
2026-05-02,NOITE,SAO-UDI,UDI-SAO,22,7,5.0,43,0.12,38,0.085,0.1163,1.3673,,151.9,178.9,,178.9,,1.177,,159.185,com_turno,3.0
2026-05-02,NOITE,SAO-VIX,SAO-VIX,22,7,9.0,43,0.21,34,0.1951,0.152,0.779,,196.9,229.9,,229.9,241.395,1.165,1.05,426.37,com_turno,2.0
2026-05-02,NOITE,SAO-VIX,VIX-SAO,22,7,10.0,43,0.23,33,0.1422,0.2126,1.4956,,206.9,213.9,,213.9,224.59500000000003,1.033,1.05,391.65,com_turno,3.0
2026-05-02,TARDE,BHZ-IPA,BHZ-IPA,22,7,6.0,90,0.07,84,0.0075,0.0521,6.9665,52.4,68.9,70.9,,70.9,,1.023,,,com_turno,1.0
2026-05-02,TARDE,BHZ-IPA,IPA-BHZ,22,7,3.0,92,0.03,89,0.046,0.0324,0.7052,,68.9,89.9,,89.9,,1.304,,,com_turno,2.0
2026-05-02,TARDE,CAB-RIO,CAB-RIO,22,7,4.0,46,0.09,42,0.0717,0.0852,1.1882,,41.9,42.9,,42.9,,1.016,,,com_turno,2.0
2026-05-02,TARDE,CGR-SAO,SAO-CGR,22,7,12.0,60,0.2,48,0.0992,0.1852,1.8666,153.62,142.9,170.9,,170.9,,1.193,,386.097,com_turno,3.0
2026-05-02,TARDE,CMP-SAO,CMP-SAO,22,7,3.0,230,0.01,227,0.0227,0.0095,0.416,26.51,32.9,32.9,,32.9,,1.0,,55.821,com_turno,3.0
2026-05-02,TARDE,CMP-SAO,SAO-CMP,22,7,3.0,184,0.02,181,0.0439,0.0131,0.2991,26.09,35.9,36.9,,36.9,,1.024,,54.3,com_turno,3.0
2026-05-02,TARDE,CMP-SJK,CMP-SJK,22,7,,46,,46,0.0072,0.0,0.0,,41.9,53.9,,53.9,,1.266,,,com_turno,1.0
2026-05-02,TARDE,CPC-FLN,CPC-FLN,22,7,1.0,43,0.02,42,0.1467,0.0194,0.1321,,159.9,183.9,,183.9,174.70499999999998,1.149,0.95,,sem_turno,
2026-05-02,TARDE,CRG-SAO,CRG-SAO,22,7,9.0,136,0.07,127,0.0492,0.0489,0.9932,37.56,40.9,46.9,,46.9,,1.134,,,com_turno,1.0
2026-05-02,TARDE,MCE-RIO,MCE-RIO,22,7,1.0,44,0.02,43,0.1102,0.0227,0.2062,,39.9,44.9,,44.9,,1.111,,,sem_turno,
2026-05-02,TARDE,MCL-SAO,MCL-SAO,22,7,5.0,64,0.08,59,0.1399,0.0593,0.4241,117.485,150.9,164.9,,164.9,,1.093,,243.752,com_turno,2.0
2026-05-02,TARDE,MCL-SAO,SAO-MCL,22,7,23.0,64,0.36,41,0.1108,0.2423,2.1873,131.265,143.9,143.9,169.9,169.9,205.15425000000002,1.181,1.2075,244.638,com_turno,3.0
2026-05-02,TARDE,PNV-SAO,PNV-SAO,22,7,2.0,44,0.05,42,0.0986,0.0424,0.4304,152.04999999999998,151.9,191.9,,191.9,,1.26,,259.89,com_turno,3.0
2026-05-02,TARDE,RAO-SAO,RAO-SAO,22,7,7.0,135,0.05,128,0.0481,0.0478,0.9951,63.010000000000005,75.9,75.9,,75.9,,1.0,,153.9,com_turno,3.0
2026-05-02,TARDE,RAO-SAO,SAO-RAO,22,7,11.0,149,0.07,138,0.0453,0.0388,0.8558,63.00333333333333,68.9,70.9,,70.9,,1.028,,158.9,com_turno,3.0
2026-05-02,TARDE,RIO-SAO,SAO-RIO,22,7,2.0,43,0.05,41,0.687,0.0465,0.0677,142.64,107.9,173.9,,173.9,,1.611,,157.42,com_turno,2.0
2026-05-02,TARDE,SAO-SJK,SAO-SJK,22,7,1.0,46,0.02,45,0.0435,0.0217,0.5,,30.9,33.9,,33.9,,1.074,,52.9,com_turno,2.0
2026-05-02,TARDE,SAO-SJK,SJK-SAO,22,7,,46,,46,0.0361,0.0,0.0,,29.9,29.9,,29.9,,1.0,,46.025,sem_turno,
2026-05-02,TARDE,SAO-SJP,SAO-SJP,22,7,4.0,45,0.09,41,0.0426,0.0889,2.087,79.06,93.9,94.9,,94.9,,1.011,,209.18,com_turno,2.0
2026-05-02,TARDE,SAO-VIX,SAO-VIX,22,7,9.0,102,0.09,93,0.066,0.1129,1.7105,147.635,196.9,210.9,,210.9,221.44500000000002,1.071,1.05,390.635,com_turno,3.0
2026-05-02,TARDE,SAO-VIX,VIX-SAO,22,7,2.0,102,0.02,100,0.1422,0.0251,0.1767,160.345,196.9,223.9,,223.9,,1.134,,229.9,com_turno,3.0
2026-05-03,MADRUGADA,CMP-SAO,CMP-SAO,23,1,0.0,46,0.0,46,0.0425,0.0,0.0,,23.9,25.9,,25.9,,1.051,,55.983,sem_turno,
2026-05-03,MADRUGADA,OLP-SAO,SAO-OLP,23,1,2.0,46,0.04,44,0.0217,0.0271,1.245,,115.9,122.9,,122.9,,1.055,,,com_turno,1.0
2026-05-03,MADRUGADA,RAO-SAO,RAO-SAO,23,1,3.0,99,0.03,96,0.0376,0.0418,1.1122,,68.9,92.9,,92.9,,1.349,,153.9,com_turno,1.0
2026-05-03,MADRUGADA,RAO-SAO,SAO-RAO,23,1,4.0,46,0.09,42,0.0207,0.0839,4.0493,,72.9,89.9,,89.9,,1.223,,,com_turno,1.0
2026-05-03,MADRUGADA,RIO-SAO,RIO-SAO,23,1,2.0,43,0.05,41,0.8579,0.0465,0.0542,,114.9,197.9,,197.9,,1.718,,168.88,sem_turno,
2026-05-03,MANHA,BAT-SAO,BAT-SAO,23,1,10.0,45,0.22,35,0.2325,0.192,0.8256,,142.9,216.9,,216.9,,1.512,,199.95,com_turno,1.0
2026-05-03,MANHA,BAT-SAO,SAO-BAT,23,1,0.0,45,0.0,45,0.0847,0.0,0.0,,136.9,180.9,,180.9,,1.319,,217.75,com_turno,1.0
2026-05-03,MANHA,BHZ-DTI,BHZ-DTI,23,1,,42,,42,0.1121,0.0,0.0,72.11,99.9,120.9,,120.9,,1.21,,177.84,sem_turno,
2026-05-03,MANHA,BHZ-DTI,DTI-BHZ,23,1,,46,,46,0.1111,0.0,0.0,111.79,99.9,166.9,,166.9,,1.669,,170.69,com_turno,1.0
2026-05-03,MANHA,BHZ-IPA,BHZ-IPA,23,1,2.0,130,0.02,128,0.0334,0.0155,0.4626,71.92,76.9,105.9,,105.9,,1.366,,,com_turno,1.0
2026-05-03,MANHA,BHZ-IPA,IPA-BHZ,23,1,3.0,134,0.02,131,0.0824,0.0125,0.1521,78.78,84.9,123.9,,123.9,,1.459,,,com_turno,1.0
2026-05-03,MANHA,BHZ-MCL,BHZ-MCL,23,1,1.0,64,0.02,63,0.1042,0.0156,0.15,109.25,95.9,125.9,,125.9,,1.309,,141.99,com_turno,1.0
2026-05-03,MANHA,BHZ-MCL,MCL-BHZ,23,1,3.0,64,0.05,61,0.0683,0.0469,0.686,118.7,95.9,154.9,,154.9,,1.615,,136.54,com_turno,1.0
2026-05-03,MANHA,BHZ-RIO,BHZ-RIO,23,1,3.0,60,0.05,57,0.1,0.0376,0.3757,139.33,95.9,122.9,,122.9,,1.273,,126.642,com_turno,1.0
2026-05-03,MANHA,BHZ-RIO,RIO-BHZ,23,1,33.0,60,0.55,27,0.9837,0.5169,0.5254,222.77,111.9,181.9,,181.9,304.899643125,1.625,1.6761937500000001,256.657,com_turno,1.0
2026-05-03,MANHA,BHZ-SAO,BHZ-SAO,23,1,14.0,46,0.3,32,0.0625,0.264,4.2241,146.26,107.9,147.9,,147.9,178.58925000000002,1.363,1.2075,230.538,com_turno,1.0
2026-05-03,MANHA,BHZ-SAO,SAO-BHZ,23,1,19.0,45,0.42,26,0.0602,0.3796,6.3078,150.92,118.9,177.9,,177.9,223.94385562500003,1.493,1.25881875,209.181,com_turno,1.0
2026-05-03,MANHA,BRU-SAO,BRU-SAO,23,1,7.0,42,0.17,35,0.1447,0.1253,0.866,,75.9,99.9,,99.9,,1.314,,159.122,com_turno,1.0
2026-05-03,MANHA,BRU-SAO,SAO-BRU,23,1,0.0,46,0.0,46,0.2198,0.0,0.0,71.58,71.9,77.9,,77.9,,1.078,,166.539,com_turno,1.0
2026-05-03,MANHA,CAB-RIO,CAB-RIO,23,1,6.0,92,0.07,86,0.0873,0.0592,0.678,,43.9,44.9,,44.9,,1.025,,,com_turno,1.0
2026-05-03,MANHA,CAB-RIO,RIO-CAB,23,1,0.0,46,0.0,46,0.1669,0.0,0.0,,41.9,47.9,,47.9,,1.124,,,com_turno,1.0
2026-05-03,MANHA,CDG-RIO,CDG-RIO,23,1,4.0,46,0.09,42,0.224,0.087,0.3881,,68.9,68.9,,68.9,,1.0,,145.459,com_turno,1.0
2026-05-03,MANHA,CDG-RIO,RIO-CDG,23,1,2.0,46,0.04,44,0.0444,0.0435,0.9783,,58.9,70.9,,70.9,,1.189,,,com_turno,1.0
2026-05-03,MANHA,CMP-SAO,CMP-SAO,23,1,7.0,184,0.04,177,0.0136,0.0337,2.4744,,37.9,37.9,,37.9,,1.002,,55.643,com_turno,1.0
2026-05-03,MANHA,CMP-SAO,SAO-CMP,23,1,6.0,184,0.03,178,0.0136,0.0306,2.2405,24.54,34.9,40.9,,40.9,,1.153,,54.615,com_turno,1.0
2026-05-03,MANHA,CMP-SJK,SJK-CMP,23,1,3.0,46,0.07,43,0.0149,0.0438,2.9348,,35.9,40.9,,40.9,,1.137,,,sem_turno,
2026-05-03,MANHA,CRG-SAO,SAO-CRG,23,1,6.0,136,0.04,130,0.0663,0.0287,0.4332,40.45,45.9,48.9,,48.9,,1.05,,,com_turno,1.0
2026-05-03,MANHA,JDF-SAO,SAO-JDF,23,1,0.0,64,0.0,64,0.1691,0.0,0.0,,115.9,135.9,,135.9,,1.17,,157.93,sem_turno,
2026-05-03,MANHA,MCE-RIO,MCE-RIO,23,1,4.0,46,0.09,42,0.0426,0.0766,1.799,,44.9,64.9,,64.9,,1.432,,,sem_turno,
2026-05-03,MANHA,MCE-RIO,RIO-MCE,23,1,,44,,44,0.276,0.0,0.0,,42.9,51.9,,51.9,,1.207,,,com_turno,1.0
2026-05-03,MANHA,OLP-SAO,OLP-SAO,23,1,3.0,46,0.07,43,0.0842,0.0604,0.7171,119.25,115.9,159.9,,159.9,,1.374,,199.0,sem_turno,
2026-05-03,MANHA,RAO-SAO,RAO-SAO,23,1,12.0,182,0.07,170,0.102,0.0494,0.4843,81.13,68.9,91.9,,91.9,,1.329,,165.02,com_turno,1.0
2026-05-03,MANHA,RAO-SAO,SAO-RAO,23,1,27.0,181,0.15,154,0.0856,0.158,1.8466,90.65,79.9,99.9,,99.9,,1.244,,169.58,com_turno,1.0
2026-05-03,MANHA,RIO-SAO,RIO-SAO,23,1,111.0,309,0.36,198,0.9303,0.3631,0.3903,218.69,89.9,153.9,,153.9,193.7454947938125,1.706,1.258905099375,191.71,com_turno,1.0
2026-05-03,MANHA,RIO-SAO,SAO-RIO,23,1,22.0,311,0.07,289,0.1646,0.072,0.4374,125.67,89.9,122.9,,122.9,116.755,1.361,0.95,159.333,com_turno,1.0
2026-05-03,MANHA,RIO-VIX,RIO-VIX,23,1,18.0,39,0.46,21,0.5346,0.4334,0.8108,168.13,84.9,136.9,,136.9,188.055346336,1.605,1.37366944,226.2,com_turno,1.0
2026-05-03,MANHA,RIO-VIX,VIX-RIO,23,1,7.0,44,0.16,37,0.2261,0.1446,0.6398,102.55,84.9,98.9,,98.9,,1.158,,186.487,com_turno,1.0
2026-05-03,MANHA,SAO-SJK,SAO-SJK,23,1,,46,,46,0.0217,0.0,0.0,,25.9,25.9,,25.9,,1.0,,50.773,sem_turno,
2026-05-03,MANHA,SAO-SJK,SJK-SAO,23,1,1.0,92,0.01,91,0.0421,0.0109,0.2582,,26.9,42.9,,42.9,,1.567,,44.906,com_turno,1.0
2026-05-03,MANHA,SAO-SJP,SAO-SJP,23,1,17.0,90,0.19,73,0.0956,0.1651,1.7272,96.33,98.9,133.9,,133.9,,1.346,,160.303,com_turno,1.0
2026-05-03,MANHA,SAO-SJP,SJP-SAO,23,1,10.0,135,0.07,125,0.0826,0.0612,0.7413,126.03,98.9,146.9,,146.9,,1.479,,155.49,com_turno,1.0
2026-05-03,NOITE,ANG-BHZ,ANG-BHZ,23,1,31.0,149,0.21,118,0.7835,0.1067,0.1362,264.81,193.9,318.9,,318.9,368.32949999999994,1.641,1.1549999999999998,,com_turno,1.0
2026-05-03,NOITE,ANG-BHZ,BHZ-ANG,23,1,11.0,46,0.24,35,0.314,0.2271,0.7231,153.3,160.9,186.9,,186.9,,1.156,,,com_turno,1.0
2026-05-03,NOITE,ARB-SAO,ARB-SAO,23,1,17.0,159,0.11,142,0.2155,0.0848,0.3934,143.75,140.9,179.9,,179.9,,1.271,,175.0,com_turno,1.0
2026-05-03,NOITE,ARB-SAO,SAO-ARB,23,1,36.0,153,0.24,117,0.2072,0.1821,0.8788,167.45,140.9,168.9,,168.9,,1.196,,174.41,com_turno,1.0
2026-05-03,NOITE,BAT-SAO,BAT-SAO,23,1,15.0,45,0.33,30,0.2408,0.3074,1.2765,,149.9,196.9,,196.9,206.745,1.311,1.05,229.4,com_turno,1.0
2026-05-03,NOITE,BAT-SAO,SAO-BAT,23,1,13.0,45,0.29,32,0.1713,0.2653,1.5484,,149.9,191.9,,191.9,211.56975,1.278,1.1025,231.75,com_turno,1.0
2026-05-03,NOITE,BHZ-BSB,BHZ-BSB,23,1,26.0,91,0.29,65,0.1778,0.2858,1.6077,,144.9,219.9,,219.9,242.43975,1.517,1.1025,261.477,com_turno,1.0
2026-05-03,NOITE,BHZ-BSB,BSB-BHZ,23,1,17.0,91,0.19,74,0.0,0.1866,0.0,,181.9,272.9,,272.9,313.8349999999999,1.5,1.15,299.74,sem_match,
2026-05-03,NOITE,BHZ-CAB,BHZ-CAB,23,1,43.0,244,0.18,201,0.1746,0.1498,0.8578,124.09,143.9,155.9,,155.9,148.105,1.078,0.95,156.567,com_turno,1.0
2026-05-03,NOITE,BHZ-CAB,CAB-BHZ,23,1,339.0,721,0.47,382,0.3745,0.4813,1.2853,250.77,181.9,292.9,,292.9,307.5450000000001,1.608,1.0500000000000003,336.15,com_turno,1.0
2026-05-03,NOITE,BHZ-CMP,BHZ-CMP,23,1,9.0,40,0.23,31,0.1567,0.2038,1.3008,167.66,121.9,145.9,,145.9,,1.196,,,com_turno,1.0
2026-05-03,NOITE,BHZ-CMP,CMP-BHZ,23,1,5.0,43,0.12,38,0.1227,0.104,0.8472,148.92,116.9,166.9,,166.9,,1.425,,,com_turno,1.0
2026-05-03,NOITE,BHZ-DTI,BHZ-DTI,23,1,8.0,46,0.17,38,0.1121,0.1557,1.3884,100.11,114.9,142.9,,142.9,,1.237,,176.92,com_turno,1.0
2026-05-03,NOITE,BHZ-GYN,BHZ-GYN,23,1,6.0,64,0.09,58,0.0,0.0816,0.0,,121.9,189.9,,189.9,,1.555,,124.35,sem_match,
2026-05-03,NOITE,BHZ-GYN,GYN-BHZ,23,1,6.0,64,0.09,58,0.0,0.0938,0.0,,116.9,179.9,,179.9,,1.532,,124.98,sem_match,
2026-05-03,NOITE,BHZ-IPA,BHZ-IPA,23,1,8.0,228,0.04,220,0.129,0.0323,0.2501,,105.9,147.9,,147.9,,1.394,,,com_turno,1.0
2026-05-03,NOITE,BHZ-IPA,IPA-BHZ,23,1,4.0,180,0.02,176,0.0547,0.0187,0.3415,74.55,84.9,104.9,,104.9,,1.226,,,com_turno,1.0
2026-05-03,NOITE,BHZ-MCE,BHZ-MCE,23,1,1.0,45,0.02,44,0.0444,0.0216,0.4853,,201.9,280.9,,280.9,,1.389,,,com_turno,1.0
2026-05-03,NOITE,BHZ-MCE,MCE-BHZ,23,1,1.0,46,0.02,45,0.1745,0.0208,0.1193,,228.9,405.9,,405.9,,1.771,,,com_turno,1.0
2026-05-03,NOITE,BHZ-MCL,BHZ-MCL,23,1,27.0,128,0.21,101,0.2253,0.2115,0.939,146.5,139.9,175.9,,175.9,184.69500000000002,1.254,1.05,181.043,com_turno,1.0
2026-05-03,NOITE,BHZ-MCL,MCL-BHZ,23,1,23.0,128,0.18,105,0.1482,0.1738,1.173,134.04,110.9,155.9,,155.9,,1.404,,187.27,com_turno,1.0
2026-05-03,NOITE,BHZ-RAO,BHZ-RAO,23,1,6.0,49,0.12,43,0.0,0.092,0.0,,173.9,260.9,,260.9,,1.497,,,sem_match,
2026-05-03,NOITE,BHZ-RAO,RAO-BHZ,23,1,17.0,60,0.28,43,0.1429,0.2237,1.5649,201.8,173.9,241.9,,241.9,253.995,1.387,1.05,,com_turno,1.0
2026-05-03,NOITE,BHZ-RIO,BHZ-RIO,23,1,39.0,316,0.12,277,0.1496,0.1259,0.8414,140.69,116.9,134.9,,134.9,,1.147,,119.975,com_turno,1.0
2026-05-03,NOITE,BHZ-RIO,RIO-BHZ,23,1,248.0,545,0.46,297,0.8258,0.4828,0.5846,235.5,139.9,226.9,,226.9,307.54404166666666,1.62,1.3554166666666667,256.091,com_turno,1.0
2026-05-03,NOITE,BHZ-SAO,BHZ-SAO,23,1,64.0,356,0.18,292,0.1443,0.1881,1.3033,144.48,142.9,196.9,,196.9,,1.372,,190.573,com_turno,1.0
2026-05-03,NOITE,BHZ-SAO,SAO-BHZ,23,1,131.0,313,0.42,182,0.2539,0.3713,1.4623,160.58,138.9,174.9,,174.9,211.10244960582423,1.253,1.2069894202734375,176.588,com_turno,1.0
2026-05-03,NOITE,BHZ-SJK,BHZ-SJK,23,1,20.0,120,0.17,100,0.2174,0.1513,0.6958,223.14,136.9,197.9,,197.9,217.69000000000003,1.443,1.1,,com_turno,1.0
2026-05-03,NOITE,BHZ-SJK,SJK-BHZ,23,1,5.0,44,0.11,39,0.7868,0.1018,0.1294,196.86,155.9,252.9,,252.9,,1.622,,,sem_turno,
2026-05-03,NOITE,BHZ-UDI,BHZ-UDI,23,1,23.0,102,0.23,79,0.2547,0.2712,1.0647,157.03,164.9,213.9,,213.9,,1.292,,147.16,com_turno,1.0
2026-05-03,NOITE,BHZ-UDI,UDI-BHZ,23,1,21.0,101,0.21,80,0.1374,0.1686,1.2269,139.55,164.9,225.9,,225.9,,1.367,,132.453,com_turno,1.0
2026-05-03,NOITE,BHZ-VIX,BHZ-VIX,23,1,121.0,247,0.49,126,0.326,0.4995,1.5322,119.26,127.9,155.9,,155.9,205.02750031250005,1.213,1.3151218750000002,185.311,com_turno,1.0
2026-05-03,NOITE,BHZ-VIX,VIX-BHZ,23,1,176.0,446,0.39,270,0.4365,0.2611,0.5981,175.35,139.9,221.9,,221.9,268.49784427083335,1.583,1.2099947916666667,188.073,com_turno,1.0
2026-05-03,NOITE,BOA-MAN,BOA-MAN,23,1,4.0,43,0.09,39,0.1299,0.093,0.7164,,213.9,270.9,,270.9,,1.265,,320.78,com_turno,1.0
2026-05-03,NOITE,BOA-MAN,MAN-BOA,23,1,10.0,42,0.24,32,0.1387,0.2201,1.5869,,170.9,206.9,,206.9,228.10725000000002,1.21,1.1025,329.325,com_turno,1.0
2026-05-03,NOITE,BRU-SAO,BRU-SAO,23,1,,46,,46,0.0595,0.0,0.0,72.46,119.9,148.9,,148.9,,1.24,,156.053,com_turno,1.0
2026-05-03,NOITE,BRU-SAO,SAO-BRU,23,1,,42,,42,0.0805,0.0,0.0,,114.9,136.9,,136.9,,1.19,,162.685,com_turno,1.0
2026-05-03,NOITE,CAB-JDF,CAB-JDF,23,1,20.0,46,0.43,26,0.1695,0.4127,2.4343,124.73,91.9,130.9,,130.9,154.462,1.419,1.18,,com_turno,1.0
2026-05-03,NOITE,CAB-JDF,JDF-CAB,23,1,9.0,46,0.2,37,0.2866,0.1949,0.6801,,75.9,98.9,,98.9,,1.291,,,com_turno,1.0
2026-05-03,NOITE,CAB-RIO,CAB-RIO,23,1,24.0,46,0.52,22,0.173,0.5001,2.8909,,52.9,52.9,,52.9,66.9039525,1.0,1.264725,,com_turno,1.0
2026-05-03,NOITE,CAB-RIO,RIO-CAB,23,1,2.0,92,0.02,90,0.04,0.0183,0.4571,,48.9,54.9,,54.9,,1.111,,,com_turno,1.0
2026-05-03,NOITE,CAB-SAO,CAB-SAO,23,1,80.0,235,0.34,155,0.6869,0.285,0.415,243.8,149.9,227.9,,227.9,250.69000000000003,1.519,1.1,,com_turno,1.0
2026-05-03,NOITE,CAB-SAO,SAO-CAB,23,1,33.0,131,0.25,98,0.1576,0.2115,1.342,166.36,123.9,169.9,,169.9,,1.368,,,com_turno,1.0
2026-05-03,NOITE,CAB-VIX,CAB-VIX,23,1,19.0,44,0.43,25,0.5001,0.4276,0.855,,132.9,220.9,,220.9,223.109,1.662,1.01,,com_turno,1.0
2026-05-03,NOITE,CAB-VIX,VIX-CAB,23,1,7.0,52,0.13,45,0.2166,0.1139,0.5259,,116.9,160.9,,160.9,,1.37,,,com_turno,1.0
2026-05-03,NOITE,CDG-RIO,CDG-RIO,23,1,2.0,46,0.04,44,0.0222,0.0419,1.8869,,68.9,81.9,,81.9,,1.187,,150.548,com_turno,1.0
2026-05-03,NOITE,CDG-RIO,RIO-CDG,23,1,22.0,46,0.48,24,0.3409,0.4738,1.3899,,72.9,82.9,,82.9,109.63317750000002,1.138,1.322475,,com_turno,1.0
2026-05-03,NOITE,CGR-SAO,CGR-SAO,23,1,10.0,60,0.17,50,0.0981,0.1582,1.613,156.24,149.9,238.9,,238.9,,1.592,,366.895,com_turno,1.0
2026-05-03,NOITE,CMP-RIO,CMP-RIO,23,1,14.0,60,0.23,46,0.1936,0.2185,1.1284,112.42,103.9,136.9,,136.9,,1.318,,225.557,com_turno,1.0
2026-05-03,NOITE,CMP-RIO,RIO-CMP,23,1,76.0,221,0.34,145,0.6043,0.3247,0.5373,185.7,112.9,201.9,,201.9,211.995,1.789,1.05,233.969,com_turno,1.0
2026-05-03,NOITE,CMP-SAO,CMP-SAO,23,1,3.0,92,0.03,89,0.0652,0.0326,0.5,31.73,43.9,44.9,,44.9,,1.018,,55.823,com_turno,1.0
2026-05-03,NOITE,CMP-SAO,SAO-CMP,23,1,23.0,184,0.13,161,0.0519,0.0881,1.6982,,43.9,47.9,,47.9,,1.093,,54.04,com_turno,1.0
2026-05-03,NOITE,CPC-FLN,CPC-FLN,23,1,42.0,247,0.17,205,0.1782,0.163,0.9149,170.46,161.9,238.9,,238.9,,1.476,,,com_turno,1.0
2026-05-03,NOITE,CPC-FLN,FLN-CPC,23,1,131.0,394,0.33,263,0.2389,0.2874,1.203,170.93,134.9,175.9,,175.9,,1.299,,,com_turno,1.0
2026-05-03,NOITE,CRG-SAO,SAO-CRG,23,1,0.0,46,0.0,46,0.0627,0.0,0.0,,50.9,55.9,,55.9,,1.086,,,com_turno,1.0
2026-05-03,NOITE,GVS-SAO,SAO-GVS,23,1,35.0,56,0.63,21,0.1311,0.4994,3.8085,217.62,143.9,183.9,198.9,198.9,274.482,1.379,1.3800000000000001,305.093,com_turno,1.0
2026-05-03,NOITE,GYN-SAO,GYN-SAO,23,1,21.0,60,0.35,39,0.0,0.2402,0.0,154.64,129.9,162.9,,162.9,171.04500000000002,1.252,1.05,234.798,sem_match,
2026-05-03,NOITE,GYN-SAO,SAO-GYN,23,1,10.0,60,0.17,50,0.2253,0.1362,0.6045,162.69,169.9,201.9,,201.9,,1.189,,284.99,com_turno,1.0
2026-05-03,NOITE,IPA-VIX,IPA-VIX,23,1,2.0,80,0.03,78,0.1428,0.0226,0.1585,99.37,150.9,192.9,,192.9,,1.277,,,com_turno,1.0
2026-05-03,NOITE,IPA-VIX,VIX-IPA,23,1,8.0,80,0.1,72,0.2569,0.0936,0.3642,147.77,150.9,234.9,,234.9,,1.556,,,com_turno,1.0
2026-05-03,NOITE,JDF-SAO,JDF-SAO,23,1,11.0,120,0.09,109,0.1131,0.0855,0.7558,174.07,139.9,185.9,,185.9,,1.323,,223.968,com_turno,1.0
2026-05-03,NOITE,JDF-SAO,SAO-JDF,23,1,24.0,102,0.24,78,0.1691,0.2622,1.5503,159.42,149.9,175.9,193.9,193.9,203.59500000000003,1.289,1.05,188.968,com_turno,1.0
2026-05-03,NOITE,MCE-RIO,MCE-RIO,23,1,10.0,44,0.23,34,0.0426,0.2042,4.7967,,52.9,61.9,,61.9,,1.171,,,com_turno,1.0
2026-05-03,NOITE,MCE-RIO,RIO-MCE,23,1,10.0,46,0.22,36,0.0861,0.2036,2.3655,,52.9,68.9,,68.9,72.34500000000001,1.295,1.05,,com_turno,1.0
2026-05-03,NOITE,MCE-SAO,MCE-SAO,23,1,7.0,44,0.16,37,0.2381,0.158,0.6636,181.2,140.9,210.9,,210.9,,1.492,,,com_turno,1.0
2026-05-03,NOITE,MCE-SAO,SAO-MCE,23,1,6.0,44,0.14,38,0.0,0.1364,0.0,,153.9,193.9,,193.9,,1.259,,,sem_match,
2026-05-03,NOITE,MCL-RIO,RIO-MCL,23,1,22.0,60,0.37,38,0.2395,0.2019,0.8427,267.88,241.9,312.9,,312.9,361.35843187499995,1.291,1.1548687499999999,,com_turno,1.0
2026-05-03,NOITE,OLP-SAO,OLP-SAO,23,1,11.0,46,0.24,35,0.0842,0.2391,2.8407,,127.9,163.9,,163.9,189.30449999999996,1.281,1.1549999999999998,217.85,com_turno,1.0
2026-05-03,NOITE,OLP-SAO,SAO-OLP,23,1,3.0,46,0.07,43,0.2087,0.0557,0.2671,120.84,133.9,173.9,,173.9,,1.294,,226.6,com_turno,1.0
2026-05-03,NOITE,PAS-SAO,PAS-SAO,23,1,2.0,46,0.04,44,0.0169,0.0383,2.2706,125.23,125.9,173.9,,173.9,,1.379,,,com_turno,1.0
2026-05-03,NOITE,PAS-SAO,SAO-PAS,23,1,8.0,46,0.17,38,0.1453,0.1278,0.8796,,119.9,154.9,,154.9,,1.289,,,com_turno,1.0
2026-05-03,NOITE,PNV-SAO,SAO-PNV,23,1,7.0,44,0.16,37,0.2317,0.1377,0.5941,219.92,175.9,263.9,,263.9,,1.498,,319.905,com_turno,1.0
2026-05-03,NOITE,QAK-SAO,QAK-SAO,23,1,9.0,60,0.15,51,0.1106,0.1375,1.2433,190.75,155.9,205.9,,205.9,,1.316,,247.333,com_turno,1.0
2026-05-03,NOITE,QAK-SAO,SAO-QAK,23,1,13.0,44,0.3,31,0.1694,0.2475,1.4612,169.48,149.9,172.9,205.9,205.9,216.19500000000002,1.37,1.05,153.667,com_turno,1.0
2026-05-03,NOITE,QDC-SAO,QDC-SAO,23,1,7.0,45,0.16,38,0.0979,0.1441,1.4718,,191.9,243.9,,243.9,256.095,1.268,1.05,292.99,com_turno,1.0
2026-05-03,NOITE,QDC-SAO,SAO-QDC,23,1,13.0,42,0.31,29,0.1213,0.246,2.0284,157.22,183.9,219.9,,219.9,230.895,1.191,1.05,298.457,com_turno,1.0
2026-05-03,NOITE,RAO-RIO,RIO-RAO,23,1,53.0,53,1.0,0,0.7378,0.883,1.1969,242.67,175.9,244.9,,244.9,306.125,1.39,1.25,259.317,com_turno,1.0
2026-05-03,NOITE,RAO-SAO,RAO-SAO,23,1,17.0,139,0.12,122,0.1378,0.1042,0.7562,121.83,87.9,110.9,,110.9,,1.26,,165.145,com_turno,1.0
2026-05-03,NOITE,RAO-SAO,SAO-RAO,23,1,22.0,223,0.1,201,0.1413,0.0753,0.5326,99.84,83.9,103.9,,103.9,,1.231,,166.688,com_turno,1.0
2026-05-03,NOITE,RIO-SAO,RIO-SAO,23,1,213.0,466,0.46,253,0.8275,0.4491,0.5428,244.36,124.9,178.9,,178.9,235.17218181818185,1.43,1.3145454545454547,177.806,com_turno,1.0
2026-05-03,NOITE,RIO-SAO,SAO-RIO,23,1,73.0,437,0.17,364,0.1803,0.1673,0.928,128.51,109.9,134.9,,134.9,,1.222,,144.887,com_turno,1.0
2026-05-03,NOITE,RIO-STS,RIO-STS,23,1,19.0,56,0.34,37,0.9488,0.3214,0.3388,,145.9,219.9,,219.9,230.895,1.504,1.05,348.5,com_turno,1.0
2026-05-03,NOITE,RIO-STS,STS-RIO,23,1,1.0,41,0.02,40,0.027,0.0232,0.8598,165.04,132.9,190.9,,190.9,,1.432,,255.0,com_turno,1.0
2026-05-03,NOITE,RIO-UDI,RIO-UDI,23,1,9.0,60,0.15,51,1.05,0.139,0.1323,309.3,,,,,,,,265.99,com_turno,1.0
2026-05-03,NOITE,RIO-VIX,RIO-VIX,23,1,52.0,177,0.29,125,0.4514,0.3044,0.6743,215.37,132.9,220.9,,220.9,243.54225000000002,1.656,1.1025,245.099,com_turno,1.0
2026-05-03,NOITE,RIO-VIX,VIX-RIO,23,1,13.0,136,0.1,123,0.0971,0.0677,0.6973,161.77,121.9,192.9,,192.9,,1.579,,200.373,com_turno,1.0
2026-05-03,NOITE,SAO-SJK,SAO-SJK,23,1,,46,,46,0.0217,0.0,0.0,,32.9,37.9,,37.9,,1.14,,51.6,sem_turno,
2026-05-03,NOITE,SAO-SJK,SJK-SAO,23,1,,46,,46,0.0435,0.0,0.0,,33.9,50.9,,50.9,,1.503,,44.508,com_turno,1.0
2026-05-03,NOITE,SAO-SJP,SAO-SJP,23,1,36.0,236,0.15,200,0.1472,0.1879,1.2761,131.13,114.9,137.9,,137.9,,1.195,,178.817,com_turno,1.0
2026-05-03,NOITE,SAO-SJP,SJP-SAO,23,1,15.0,224,0.07,209,0.0452,0.067,1.4818,138.24,114.9,142.9,,142.9,,1.236,,169.033,com_turno,1.0
2026-05-03,NOITE,SAO-UDI,SAO-UDI,23,1,14.0,43,0.33,29,0.1272,0.3177,2.498,,137.9,204.9,,204.9,257.931961875,1.484,1.25881875,164.874,com_turno,1.0
2026-05-03,NOITE,SAO-UDI,UDI-SAO,23,1,5.0,43,0.12,38,0.0638,0.1163,1.8217,,137.9,191.9,,191.9,,1.387,,178.027,com_turno,1.0
2026-05-03,NOITE,SAO-VIX,SAO-VIX,23,1,13.0,43,0.3,30,0.5809,0.2684,0.4621,,226.9,289.9,,289.9,319.61474999999996,1.278,1.1025,391.37,com_turno,1.0
2026-05-03,NOITE,SAO-VIX,VIX-SAO,23,1,,43,,43,0.1136,0.0,0.0,,216.9,294.9,,294.9,,1.356,,382.76,com_turno,1.0
2026-05-03,TARDE,BAT-SAO,BAT-SAO,23,1,10.0,46,0.22,36,0.1391,0.1986,1.4274,,136.9,172.9,,172.9,181.54500000000002,1.263,1.05,229.4,com_turno,1.0
2026-05-03,TARDE,BAT-SAO,SAO-BAT,23,1,17.0,46,0.37,29,0.0174,0.3065,17.6147,101.5,142.9,163.9,,163.9,189.28298812499997,1.143,1.1548687499999999,203.75,com_turno,1.0
2026-05-03,TARDE,BHZ-DTI,DTI-BHZ,23,1,9.0,87,0.1,78,0.267,0.1025,0.384,,119.9,168.9,,168.9,,1.404,,169.31,com_turno,1.0
2026-05-03,TARDE,BHZ-IPA,BHZ-IPA,23,1,15.0,134,0.11,119,0.1129,0.0816,0.7225,90.81,93.9,120.9,,120.9,,1.284,,,com_turno,1.0
2026-05-03,TARDE,BHZ-IPA,IPA-BHZ,23,1,7.0,132,0.05,125,0.0525,0.043,0.8194,86.55,100.9,139.9,,139.9,,1.384,,,com_turno,1.0
2026-05-03,TARDE,BHZ-MCL,BHZ-MCL,23,1,8.0,64,0.13,56,0.2573,0.125,0.4857,,145.9,163.9,,163.9,,1.119,,141.99,com_turno,1.0
2026-05-03,TARDE,BHZ-MCL,MCL-BHZ,23,1,9.0,64,0.14,55,0.2645,0.1406,0.5318,105.5,132.9,192.9,,192.9,,1.451,,136.54,com_turno,1.0
2026-05-03,TARDE,BHZ-RIO,BHZ-RIO,23,1,6.0,45,0.13,39,0.1379,0.1333,0.9672,,133.9,152.9,,152.9,168.19000000000003,1.137,1.1,116.792,sem_turno,
2026-05-03,TARDE,BHZ-RIO,RIO-BHZ,23,1,92.0,105,0.88,13,0.9658,0.846,0.876,243.4,105.9,137.9,,137.9,310.27500000000003,1.302,2.25,251.419,com_turno,1.0
2026-05-03,TARDE,BHZ-SJK,SJK-BHZ,23,1,32.0,60,0.53,28,0.7868,0.5216,0.663,279.09,142.9,231.9,,231.9,280.599,1.622,1.21,,com_turno,1.0
2026-05-03,TARDE,CAB-JDF,CAB-JDF,23,1,39.0,46,0.85,7,0.8176,0.8065,0.9865,134.08,87.9,140.9,,140.9,154.99,1.603,1.1,,com_turno,1.0
2026-05-03,TARDE,CAB-JDF,JDF-CAB,23,1,5.0,46,0.11,41,0.2866,0.0783,0.2731,,68.9,85.9,,85.9,,1.236,,,sem_turno,
2026-05-03,TARDE,CAB-RIO,CAB-RIO,23,1,25.0,46,0.54,21,0.2346,0.5217,2.2236,,52.9,60.9,,60.9,73.08,1.145,1.2,,com_turno,1.0
2026-05-03,TARDE,CGR-SAO,CGR-SAO,23,1,8.0,60,0.13,52,0.1,0.1333,1.3333,,149.9,213.9,,213.9,,1.425,,364.357,com_turno,1.0
2026-05-03,TARDE,CGR-SAO,SAO-CGR,23,1,30.0,120,0.25,90,0.1617,0.2383,1.4743,198.9,157.9,226.9,,226.9,,1.437,,364.33,com_turno,1.0
2026-05-03,TARDE,CMP-GUR,GUR-CMP,23,1,28.0,45,0.62,17,0.0,0.4861,0.0,,103.9,167.9,,167.9,134.32000000000002,1.609,0.8,,sem_match,
2026-05-03,TARDE,CMP-SAO,CMP-SAO,23,1,3.0,230,0.01,227,0.0426,0.0095,0.2218,32.38,34.9,39.9,,39.9,,1.138,,55.689,com_turno,1.0
2026-05-03,TARDE,CMP-SAO,SAO-CMP,23,1,5.0,184,0.03,179,0.0627,0.0219,0.349,31.94,43.9,45.9,,45.9,,1.045,,54.226,com_turno,1.0
2026-05-03,TARDE,CMP-SJK,CMP-SJK,23,1,8.0,46,0.17,38,0.0148,0.0652,4.4022,41.74,43.9,48.9,,48.9,,1.111,,,com_turno,1.0
2026-05-03,TARDE,CRG-SAO,CRG-SAO,23,1,82.0,182,0.45,100,0.2146,0.3882,1.8091,47.77,55.9,64.9,,64.9,71.39000000000001,1.146,1.1,,com_turno,1.0
2026-05-03,TARDE,GVS-SAO,GVS-SAO,23,1,14.0,106,0.13,92,0.1352,0.1563,1.1568,,137.9,195.9,,195.9,205.69500000000002,1.419,1.05,311.232,sem_turno,
2026-05-03,TARDE,MCL-RIO,MCL-RIO,23,1,9.0,58,0.16,49,0.1417,0.0798,0.5633,148.0,231.9,252.9,,252.9,,1.088,,,com_turno,1.0
2026-05-03,TARDE,MCL-SAO,MCL-SAO,23,1,9.0,64,0.14,55,0.1372,0.1,0.7291,172.3,165.9,225.9,,225.9,,1.358,,248.052,com_turno,1.0
2026-05-03,TARDE,MCL-SAO,SAO-MCL,23,1,32.0,64,0.5,32,0.1278,0.2892,2.2625,202.35,181.9,233.9,250.9,250.9,303.587431875,1.377,1.20999375,245.786,com_turno,1.0
2026-05-03,TARDE,PNV-SAO,PNV-SAO,23,1,0.0,45,0.0,45,0.1732,0.0,0.0,176.26,183.9,286.9,,286.9,,1.558,,364.91,com_turno,1.0
2026-05-03,TARDE,RAO-RIO,RAO-RIO,23,1,11.0,53,0.21,42,0.1625,0.183,1.1261,156.92,175.9,203.9,,203.9,,1.159,,,com_turno,1.0
2026-05-03,TARDE,RAO-RIO,RIO-RAO,23,1,75.0,87,0.86,12,0.7378,0.8624,1.169,,219.9,305.9,,305.9,,1.39,,450.98,sem_turno,
2026-05-03,TARDE,RAO-SAO,RAO-SAO,23,1,23.0,227,0.1,204,0.0997,0.0804,0.8067,93.79,79.9,96.9,,96.9,,1.209,,158.823,com_turno,1.0
2026-05-03,TARDE,RAO-SAO,SAO-RAO,23,1,49.0,197,0.25,148,0.0656,0.1957,2.9826,79.39,83.9,91.9,102.9,102.9,,1.222,,174.554,com_turno,1.0
2026-05-03,TARDE,RIO-SAO,RIO-SAO,23,1,94.0,147,0.64,53,0.8332,0.6203,0.7444,198.91,109.9,205.9,,205.9,270.75849999999997,1.87,1.315,183.354,com_turno,1.0
2026-05-03,TARDE,RIO-SAO,SAO-RIO,23,1,14.0,113,0.12,99,0.1283,0.1144,0.8917,90.38,99.9,147.9,,147.9,,1.48,,157.141,com_turno,1.0
2026-05-03,TARDE,RIO-UDI,RIO-UDI,23,1,31.0,56,0.55,25,0.6896,0.4939,0.7162,316.55,234.9,345.9,,345.9,435.83399999999995,1.47,1.26,405.98,com_turno,1.0
2026-05-03,TARDE,RIO-UDI,UDI-RIO,23,1,8.0,56,0.14,48,0.1869,0.1259,0.6737,198.92,187.9,222.9,,222.9,,1.184,,327.49,com_turno,1.0
2026-05-03,TARDE,SAO-SJK,SAO-SJK,23,1,,46,,46,0.0217,0.0,0.0,,30.9,35.9,,35.9,,1.142,,52.664,com_turno,1.0
2026-05-03,TARDE,SAO-SJK,SJK-SAO,23,1,9.0,46,0.2,37,0.0428,0.1902,4.4446,,33.9,41.9,,41.9,,1.226,,45.05,sem_turno,
2026-05-03,TARDE,SAO-SJP,SAO-SJP,23,1,22.0,84,0.26,62,0.0971,0.2362,2.434,101.61,114.9,151.9,,151.9,159.495,1.317,1.05,207.322,com_turno,1.0
2026-05-03,TARDE,SAO-SJP,SJP-SAO,23,1,8.0,45,0.18,37,0.0238,0.175,7.3511,111.37,103.9,154.9,,154.9,162.645,1.488,1.05,203.241,com_turno,1.0
2026-05-03,TARDE,SAO-VIX,SAO-VIX,23,1,14.0,102,0.14,88,0.2002,0.1053,0.5263,171.49,163.9,230.9,,230.9,,1.407,,395.635,com_turno,1.0
2026-05-03,TARDE,SAO-VIX,VIX-SAO,23,1,15.0,102,0.15,87,0.1891,0.0767,0.4053,163.73,180.9,249.9,,249.9,,1.378,,366.887,com_turno,1.0
